Workbook

Sheet В08 Інструкція
A1: ПР 1. Оцінка ризиків для відділення «Банку N». Варіант 08
A2: Працюйте в жовтих комірках. Сірі комірки рахуються самі (захищені).
A4: Порядок роботи
A5: 1. Профіль | B5: Прочитайте аркуш «Профіль»: факти про ваше відділення.
A6: 2. Активи (питання 1) | B6: Складіть перелік активів (не менше 10) і оцініть цінність 1–5. Одночасно перегляньте аркуш «Чернетка»: у ній 3 помилки колеги. Запишіть їх у журнал виправлень.
A7: 3. Ризики (питання 2) | B7: Для активів запишіть ризики (не менше 12): актив, загроза, вразливість, категорія, ймовірність P та наслідки C за шкалою 1–5. Рівень і зона рахуються самі.
A8: 4. Матриця й заходи (питання 3) | B8: Аркуш «Матриця» будується автоматично. Позначте топ-5 ризиків («Так» у колонці «Топ-5»), оберіть стратегію й захід із «Каталогу». Бюджет перевіряється на аркуші «Бюджет».
A9: 5. Обґрунтування | B9: На аркуші «Обґрунтування» власними словами поясніть вибір для 2–3 ризиків із топ-5.
A10: 6. Нова обставина | B10: Коли завершите кроки 1–4, відкрийте окремий файл «Нова обставина» (не раніше). Оновіть таблицю й запишіть, що змінилось (аркуш «Обґрунтування», рядок «Інжект»).
A12: Шкала ймовірності P | B12: 1 — рідше ніж раз на 5 років · 2 — раз на 2–5 років · 3 — раз на 1–2 роки · 4 — кілька разів на рік · 5 — щомісяця і частіше
A13: Шкала наслідків C | B13: 1 — збитки до 10 тис. грн, без зупинки · 2 — 10–50 тис. грн · 3 — 50–250 тис. грн або зупинка відділення до кількох годин · 4 — 250 тис. – 1 млн грн, або зупинка на добу, або увага регулятора · 5 — понад 1 млн грн, тривала зупинка, витік даних клієнтів, серйозна репутаційна шкода
A14: Рівень ризику | B14: Рівень = P × C. 1–4 низький · 5–9 середній · 10–16 високий · 17–25 критичний
A15: Правила стратегій | B15: Критичний ризик (17–25) не приймають. «Приймати» — без заходу. «Передавати» — лише через захід «Страхування». «Уникати» — через захід «Призупинити сервіс чи функцію». «Зменшувати» — захід, що діє на категорію ризику.
A16: Бюджет | B16: 100 умовних одиниць (якщо бюджет зміниться, поправте комірку B4 на аркуші «Бюджет»). Кожен захід оплачується один раз, навіть якщо ним закрито кілька ризиків.

Sheet В08 Профіль
A1: Профіль відділення. Варіант 08
A3: Номер варіанта | B3: 08
A4: Студент (прізвище) | B4: Кравченко
A5: Кількість працівників | B5: 12 (три каси, двоє менеджерів, керівник, операціоніст та інші)
A6: Банкомати | B6: 2: один у залі, один на вулиці
A7: POS-термінали | B7: 4
A8: Вуличний банкомат: освітлення | B8: добре
A9: Вуличний банкомат: камера | B9: немає
A10: Готівка у вуличному банкоматі | B10: до 190 тис. грн
A11: Транзакцій на добу на вуличному банкоматі | B11: 200
A12: Резервне живлення | B12: без резерву
A13: Відключення електроенергії | B13: у середньому 6 год на добу
A14: Канал зв'язку з головним офісом | B14: два канали
... A18: Захід, недоступний у цьому кварталі | B18: немає

Sheet В08 Каталог
A1: Каталог заходів безпеки
A2: Вартість в умовних одиницях. ΔP і ΔC: на скільки балів захід знижує ймовірність і наслідки (лише для зазначених категорій).
A4: Код | B4: Назва заходу | C4: Вартість | D4: Діє на категорії ризику | E4: ΔP | F4: ΔC | G4: Оплачено | H4: Доступний
A5: M1 | B5: Навчання персоналу з фішингу та вішингу | C5: 10 | D5: Соціальна інженерія | E5: 1 | F5: 0 | G5: =IF(COUNTIF('В08 Ризики'!$L$5:$L$24,B5)>0,C5,0) | H5: Так
A6: M2 | B6: Багатофакторна автентифікація для адміністраторів і ДБО | C6: 15 | D6: Мережа/ІТ; Соціальна інженерія | E6: 2 | F6: 0 | G6: =IF(COUNTIF('В08 Ризики'!$L$5:$L$24,B6)>0,C6,0) | H6: Так
A7: M3 | B7: Антискімінгові накладки та датчик відкриття корпусу банкомата | C7: 12 | D7: Шахрайство з картками | E7: 2 | F7: 0 | G7: =IF(COUNTIF('В08 Ризики'!$L$5:$L$24,B7)>0,C7,0) | H7: Так
A8: M4 | B8: Освітлення та камера біля вуличного банкомата | C8: 8 | D8: Фізичний доступ; Шахрайство з картками | E8: 1 | F8: 0 | G8: =IF(COUNTIF('В08 Ризики'!$L$5:$L$24,B8)>0,C8,0) | H8: Так
A9: M5 | B9: Резервний канал зв'язку (LTE) | C9: 14 | D9: Живлення і зв'язок | E9: 2 | F9: 0 | G9: =IF(COUNTIF('В08 Ризики'!$L$5:$L$24,B9)>0,C9,0) | H9: Так
A10: M6 | B10: Генератор і ДБЖ | C10: 18 | D10: Живлення і зв'язок | E10: 2 | F10: 1 | G10: =IF(COUNTIF('В08 Ризики'!$L$5:$L$24,B10)>0,C10,0) | H10: Так
A11: M7 | B11: Сегментація мережі (VLAN, списки доступу) | C11: 16 | D11: Мережа/ІТ | E11: 1 | F11: 2 | G11: =IF(COUNTIF('В08 Ризики'!$L$5:$L$24,B11)>0,C11,0) | H11: Так
A12: M8 | B12: Резервні копії з перевіркою відновлення | C12: 12 | D12: Мережа/ІТ; Живлення і зв'язок | E12: 0 | F12: 2 | G12: =IF(COUNTIF('В08 Ризики'!$L$5:$L$24,B12)>0,C12,0) | H12: Так
A13: M9 | B13: Оновлення ПЗ за графіком | C13: 9 | D13: Мережа/ІТ | E13: 1 | F13: 0 | G13: =IF(COUNTIF('В08 Ризики'!$L$5:$L$24,B13)>0,C13,0) | H13: Так
A14: M10 | B14: Страхування готівки та кіберризиків | C14: 20 | D14: Фізичний доступ; Шахрайство з картками; Мережа/ІТ | E14: 0 | F14: 2 | G14: =IF(COUNTIF('В08 Ризики'!$L$5:$L$24,B14)>0,C14,0) | H14: Так
A15: M11 | B15: Електронні замки та журнал входу в серверну | C15: 10 | D15: Фізичний доступ; Персонал і процеси | E15: 1 | F15: 1 | G15: =IF(COUNTIF('В08 Ризики'!$L$5:$L$24,B15)>0,C15,0) | H15: Так
A16: M12 | B16: Захист від DDoS (послуга оператора) | C16: 17 | D16: Мережа/ІТ | E16: 2 | F16: 1 | G16: =IF(COUNTIF('В08 Ризики'!$L$5:$L$24,B16)>0,C16,0) | H16: Так
... A19: M15 | B19: Призупинити сервіс чи функцію (уникнення, втрата бізнесу) | C19: 6 | D19: Соціальна інженерія; Фізичний доступ; Шахрайство з картками; Мережа/ІТ; Живлення і зв'язок; Персонал і процеси | E19: 3 | F19: 0 | G19: =IF(COUNTIF('В08 Ризики'!$L$5:$L$24,B19)>0,C19,0) | H19: Так
B20: Разом | C20: =SUM(C5:C18) | G20: =SUM(G5:G19)
B21: Разом у рядку «Разом» вартість M1–M14 (без уникнення)

Sheet В08 Активи
A1: Активи відділення (питання 1)
A2: Не менше 10 активів. Цінність: 1 — незначна, 5 — критична для роботи банку.
A4: № | B4: Актив | C4: Група | D4: Власник (роль) | E4: Цінність 1–5 | F4: Чому цінний
A5: 1 | B5: Готівка у вуличному банкоматі | C5: Гроші й цінності | D5: Керівник відділення / інкасація | E5: 5 | F5: До 190 тис. грн у касетах; втрата — прямий збиток.
A6: 2 | B6: Готівка в касах і сховищі | C6: Гроші й цінності | D6: Старший касир | E6: 5 | F6: Основна готівка відділення.
A7: 3 | B7: Вуличний банкомат (картки й ПІН клієнтів) | C7: Системи й обладнання | D7: Відповідальний за банкомати | E7: 4 | F7: ≈ 200 операцій на добу: скомпрометовані картки — масові збитки клієнтів.
A8: 4 | B8: Банкомат у залі та POS-термінали (4 шт.) | C8: Системи й обладнання | D8: Відповідальний за банкомати | E8: 3 | F8: Обслуговують клієнтів у робочий час.
A9: 5 | B9: Персональні дані й рахунки клієнтів в АБС | C9: Дані клієнтів | D9: Операціоніст / відповідальний за ІБ | E9: 5 | F9: Витік — штрафи регулятора й втрата довіри.
A10: 6 | B10: Робочі місця кас і менеджерів (ПК) | C10: Системи й обладнання | D10: Системний адміністратор | E10: 4 | F10: Без них відділення не проводить операцій.
A11: 7 | B11: Система контролю доступу (електронні замки) на старому ПК | C11: Системи й обладнання | D11: Системний адміністратор / охорона | E11: 4 | F11: Керує дверима серверної та сховища; ПК у загальній мережі.
A12: 8 | B12: Серверна шафа (комутатори, маршрутизатор) | C12: Мережа й зв'язок | D12: Системний адміністратор | E12: 4 | F12: Через неї проходить увесь трафік відділення.
A13: 9 | B13: Канали зв'язку з головним офісом (два) | C13: Мережа й зв'язок | D13: Системний адміністратор | E13: 4 | F13: Без зв'язку не працюють АБС і банкомати.
A14: 10 | B14: Електроживлення відділення | C14: Мережа й зв'язок | D14: Завгосп / керівник | E14: 4 | F14: Відключення ~6 год на добу, резерву немає.
A15: 11 | B15: Облікові записи й паролі працівників | C15: Персонал | D15: Системний адміністратор | E15: 4 | F15: Доступ до АБС від імені працівника.
A16: 12 | B16: Працівники відділення (12 осіб) | C16: Персонал | D16: Керівник відділення | E16: 4 | F16: Мішень вішингу: 3 спроби за рік.
A17: 13 | B17: Репутація відділення й довіра клієнтів | C17: Репутація й процеси | D17: Керівник відділення | E17: 4 | F17: Страждає від будь-якого інциденту з клієнтами.
A18: 14
A19: 15
A20: 16
A21: 17
A22: 18
A23: 19
A24: 20

Sheet В08 Чернетка
A1: Чернетка таблиці ризиків від колеги
A2: У ній є три помилки. Знайдіть їх, запишіть у журнал виправлень (нижче) і не переносьте у свою таблицю без виправлення.
A4: № | B4: Актив | C4: Ризик | D4: Вразливість | E4: P | F4: C | G4: Коментар колеги
A5: 1 | B5: Серверна | C5: Пожежа в серверній | D5: немає автоматичного пожежогасіння | E5: 5 | F5: 5 | G5: За останні сім років було лише один такий випадок у нашій мережі
A6: 2 | B6: Вуличний банкомат (готівка) | C6: Крадіжка готівки з вуличного банкомата | D6: камери немає, освітлення погане | E6: 4 | F6: 4 | G6: перший з двох записів про одне й те саме
A7: 3 | B7: Серверна й обладнання відділення | C7: Зловживання правами недобросовісним співробітником | D7: права адміністратора в кількох працівників, журнали не переглядають | E7: 2 | F7: 4 | G7: оцінено за політикою доступу
A8: 4 | B8: Вуличний банкомат (готівка) | C8: Злам банкомата з метою вилучення готівки | D8: камери немає, освітлення погане | E8: 4 | F8: 4 | G8: другий запис, інші слова
A9: 5 | B9: Вуличний банкомат (картки клієнтів) | C9: Встановлення скімера й масове копіювання карток | D9: камери немає, освітлення добре | E9: 3 | F9: 4 | G9: оцінено за даними профілю
A10: 6 | C10: Фішинг | E10: 4 | F10: 4 | G10: Дуже небезпечно, треба бачити
A11: 7 | B11: Канал зв'язку з головним офісом | C11: Відмова каналу до головного офісу | D11: два канали | E11: 2 | F11: 3 | G11: оцінено за даними профілю
A13: Журнал виправлень
A14: Рядок | B14: Тип помилки | C14: Що не так і як виправлено
A15: 1 | B15: Ймовірність і наслідки не відповідають умові | C15: P = 5 («щомісяця»), але сам коментар каже: один випадок за сім років. За шкалою це P = 1 (рідше ніж раз на 5 років); C = 5 лишається. Рівень 25 → 5.
A16: 4 | B16: Дубль ризику | C16: Рядки 2 і 4 — один ризик (готівка вуличного банкомата + той самий опис вразливості), лише інші слова. Лишаю один запис; до того ж «освітлення погане» суперечить профілю В08 (освітлення добре).
A17: 6 | B17: Немає активу чи вразливості | C17: «Фішинг» без активу й вразливості — це не ризик. Виправлено: актив «Облікові записи працівників», вразливість «немає навчання й MFA», у реєстрі — ризик №3.

Sheet В08 Ризики
A1: Реєстр ризиків (питання 2 і 3)
A2: Один ризик = актив + загроза + вразливість. P і C за шкалами з аркуша «Інструкція».
A4: № | B4: Актив | C4: Загроза (що може статися) | D4: Вразливість | E4: Категорія | F4: P | G4: C | H4: Рівень | I4: Зона | J4: Топ-5 | K4: Стратегія | L4: Захід (з Каталогу) | M4: ΔP | N4: ΔC | O4: P після | P4: C після | Q4: Залишковий рівень | R4: Перевірка | S4: Примітка
A5: 1 | B5: Електроживлення відділення | C5: Щоденне відключення світла зупиняє каси, банкомати й АБС на кілька годин | D5: Немає ні ДБЖ, ні генератора; відключення ~6 год на добу | E5: Живлення і зв'язок | F5: 5 | G5: 4 | H5: =IF(OR(F5="",G5=""),"",F5*G5) | I5: =IF(H5="","",IF(H5<=4,"Низький",IF(H5<=9,"Середній",IF(H5<=16,"Високий","Критичний")))) | J5: Так | K5: Зменшувати | L5: Генератор і ДБЖ | M5: =IF(L5="",0,IFERROR(IF(ISNUMBER(SEARCH(E5,INDEX('В08 Каталог'!$D$5:$D$19,MATCH(L5,'В08 Каталог'!$B$5:$B$19,0)))),INDEX('В08 Каталог'!$E$5:$E$19,MATCH(L5,'В08 Каталог'!$B$5:$B$19,0)),0),0)) | N5: =IF(L5="",0,IFERROR(IF(ISNUMBER(SEARCH(E5,INDEX('В08 Каталог'!$D$5:$D$19,MATCH(L5,'В08 Каталог'!$B$5:$B$19,0)))),INDEX('В08 Каталог'!$F$5:$F$19,MATCH(L5,'В08 Каталог'!$B$5:$B$19,0)),0),0)) | O5: =IF(F5="","",MAX(1,F5-M5)) | P5: =IF(G5="","",MAX(1,G5-N5)) | Q5: =IF(O5="","",O5*P5) | R5: =IF(J5<>"Так","",IF(K5="","Оберіть стратегію",IF(AND(K5="Приймати",H5>=17),"Критичний ризик не приймають",IF(AND(K5="Приймати",L5<>""),"Приймання: заходу не потрібно",IF(AND(K5<>"Приймати",L5=""),"Оберіть захід",IF(AND(K5="Передавати",L5<>"Страхування готівки та кіберризиків"),"Передача: оберіть страхування",IF(AND(K5="Уникати",L5<>"Призупинити сервіс чи функцію (уникнення, втрата бізнесу)"),"Уникнення: оберіть призупинення",IF(AND(L5<>"",M5+N5=0),"Захід не діє на цю категорію",IF(AND(L5<>"",INDEX('В08 Каталог'!$H$5:$H$19,MATCH(L5,'В08 Каталог'!$B$5:$B$19,0))="Ні"),"Захід недоступний","ОК"))))))))) | S5: P = 5: щодня. C = 4: сумарно зупинка майже на добу щотижня, клієнти йдуть.
A6: 2 | B6: Система контролю доступу (електронні замки) на старому ПК | C6: Зараження або злам ПК СКД через загальну мережу: відкриття/блокування замків, плацдарм для атаки на мережу | D6: Застаріла ОС без оновлень, ПК у загальній мережі з касами | E6: Мережа/ІТ | F6: 4 | G6: 4 | H6: =IF(OR(F6="",G6=""),"",F6*G6) | I6: =IF(H6="","",IF(H6<=4,"Низький",IF(H6<=9,"Середній",IF(H6<=16,"Високий","Критичний")))) | J6: Так | K6: Зменшувати | L6: Сегментація мережі (VLAN, списки доступу) | M6: =IF(L6="",0,IFERROR(IF(ISNUMBER(SEARCH(E6,INDEX('В08 Каталог'!$D$5:$D$19,MATCH(L6,'В08 Каталог'!$B$5:$B$19,0)))),INDEX('В08 Каталог'!$E$5:$E$19,MATCH(L6,'В08 Каталог'!$B$5:$B$19,0)),0),0)) | N6: =IF(L6="",0,IFERROR(IF(ISNUMBER(SEARCH(E6,INDEX('В08 Каталог'!$D$5:$D$19,MATCH(L6,'В08 Каталог'!$B$5:$B$19,0)))),INDEX('В08 Каталог'!$F$5:$F$19,MATCH(L6,'В08 Каталог'!$B$5:$B$19,0)),0),0)) | O6: =IF(F6="","",MAX(1,F6-M6)) | P6: =IF(G6="","",MAX(1,G6-N6)) | Q6: =IF(O6="","",O6*P6) | R6: =IF(J6<>"Так","",IF(K6="","Оберіть стратегію",IF(AND(K6="Приймати",H6>=17),"Критичний ризик не приймають",IF(AND(K6="Приймати",L6<>""),"Приймання: заходу не потрібно",IF(AND(K6<>"Приймати",L6=""),"Оберіть захід",IF(AND(K6="Передавати",L6<>"Страхування готівки та кіберризиків"),"Передача: оберіть страхування",IF(AND(K6="Уникати",L6<>"Призупинити сервіс чи функцію (уникнення, втрата бізнесу)"),"Уникнення: оберіть призупинення",IF(AND(L6<>"",M6+N6=0),"Захід не діє на цю категорію",IF(AND(L6<>"",INDEX('В08 Каталог'!$H$5:$H$19,MATCH(L6,'В08 Каталог'!$B$5:$B$19,0))="Ні"),"Захід недоступний","ОК"))))))))) | S6: Особливий актив В08. Оновити стару ОС неможливо — ізолюємо ПК в окремий VLAN.
A7: 3 | B7: Облікові записи й паролі працівників | C7: Вішинг: «служба безпеки ГО» телефонує й виманює пароль та код, далі — вхід в АБС і вивантаження даних клієнтів | D7: 3 спроби за рік, вхід в АБС лише за паролем, навчання не проводилось | E7: Соціальна інженерія | F7: 4 | G7: 5 | H7: =IF(OR(F7="",G7=""),"",F7*G7) | I7: =IF(H7="","",IF(H7<=4,"Низький",IF(H7<=9,"Середній",IF(H7<=16,"Високий","Критичний")))) | J7: Так | K7: Зменшувати | L7: Багатофакторна автентифікація для адміністраторів і ДБО | M7: =IF(L7="",0,IFERROR(IF(ISNUMBER(SEARCH(E7,INDEX('В08 Каталог'!$D$5:$D$19,MATCH(L7,'В08 Каталог'!$B$5:$B$19,0)))),INDEX('В08 Каталог'!$E$5:$E$19,MATCH(L7,'В08 Каталог'!$B$5:$B$19,0)),0),0)) | N7: =IF(L7="",0,IFERROR(IF(ISNUMBER(SEARCH(E7,INDEX('В08 Каталог'!$D$5:$D$19,MATCH(L7,'В08 Каталог'!$B$5:$B$19,0)))),INDEX('В08 Каталог'!$F$5:$F$19,MATCH(L7,'В08 Каталог'!$B$5:$B$19,0)),0),0)) | O7: =IF(F7="","",MAX(1,F7-M7)) | P7: =IF(G7="","",MAX(1,G7-N7)) | Q7: =IF(O7="","",O7*P7) | R7: =IF(J7<>"Так","",IF(K7="","Оберіть стратегію",IF(AND(K7="Приймати",H7>=17),"Критичний ризик не приймають",IF(AND(K7="Приймати",L7<>""),"Приймання: заходу не потрібно",IF(AND(K7<>"Приймати",L7=""),"Оберіть захід",IF(AND(K7="Передавати",L7<>"Страхування готівки та кіберризиків"),"Передача: оберіть страхування",IF(AND(K7="Уникати",L7<>"Призупинити сервіс чи функцію (уникнення, втрата бізнесу)"),"Уникнення: оберіть призупинення",IF(AND(L7<>"",M7+N7=0),"Захід не діє на цю категорію",IF(AND(L7<>"",INDEX('В08 Каталог'!$H$5:$H$19,MATCH(L7,'В08 Каталог'!$B$5:$B$19,0))="Ні"),"Захід недоступний","ОК"))))))))) | S7: C = 5: витік даних клієнтів за шкалою — найвищий рівень.
A8: 4 | B8: Вуличний банкомат (картки й ПІН клієнтів) | C8: Встановлення скімера й накладки на клавіатуру, масове копіювання карток | D8: Камери немає, накладок немає; 200 операцій на добу | E8: Шахрайство з картками | F8: 3 | G8: 4 | H8: =IF(OR(F8="",G8=""),"",F8*G8) | I8: =IF(H8="","",IF(H8<=4,"Низький",IF(H8<=9,"Середній",IF(H8<=16,"Високий","Критичний")))) | J8: Так | K8: Зменшувати | L8: Антискімінгові накладки та датчик відкриття корпусу банкомата | M8: =IF(L8="",0,IFERROR(IF(ISNUMBER(SEARCH(E8,INDEX('В08 Каталог'!$D$5:$D$19,MATCH(L8,'В08 Каталог'!$B$5:$B$19,0)))),INDEX('В08 Каталог'!$E$5:$E$19,MATCH(L8,'В08 Каталог'!$B$5:$B$19,0)),0),0)) | N8: =IF(L8="",0,IFERROR(IF(ISNUMBER(SEARCH(E8,INDEX('В08 Каталог'!$D$5:$D$19,MATCH(L8,'В08 Каталог'!$B$5:$B$19,0)))),INDEX('В08 Каталог'!$F$5:$F$19,MATCH(L8,'В08 Каталог'!$B$5:$B$19,0)),0),0)) | O8: =IF(F8="","",MAX(1,F8-M8)) | P8: =IF(G8="","",MAX(1,G8-N8)) | Q8: =IF(O8="","",O8*P8) | R8: =IF(J8<>"Так","",IF(K8="","Оберіть стратегію",IF(AND(K8="Приймати",H8>=17),"Критичний ризик не приймають",IF(AND(K8="Приймати",L8<>""),"Приймання: заходу не потрібно",IF(AND(K8<>"Приймати",L8=""),"Оберіть захід",IF(AND(K8="Передавати",L8<>"Страхування готівки та кіберризиків"),"Передача: оберіть страхування",IF(AND(K8="Уникати",L8<>"Призупинити сервіс чи функцію (уникнення, втрата бізнесу)"),"Уникнення: оберіть призупинення",IF(AND(L8<>"",M8+N8=0),"Захід не діє на цю категорію",IF(AND(L8<>"",INDEX('В08 Каталог'!$H$5:$H$19,MATCH(L8,'В08 Каталог'!$B$5:$B$19,0))="Ні"),"Захід недоступний","ОК"))))))))) | S8: Освітлення добре (трохи стримує), але без камери скімер ставлять непомітно.
A9: 5 | B9: Персональні дані й рахунки клієнтів в АБС | C9: Шифрувальник із будь-якого ПК поширюється плоскою мережею на каси й робочі місця АБС | D9: Одна плоска мережа, у ній же ПК без оновлень | E9: Мережа/ІТ | F9: 3 | G9: 4 | H9: =IF(OR(F9="",G9=""),"",F9*G9) | I9: =IF(H9="","",IF(H9<=4,"Низький",IF(H9<=9,"Середній",IF(H9<=16,"Високий","Критичний")))) | J9: Так | K9: Зменшувати | L9: Сегментація мережі (VLAN, списки доступу) | M9: =IF(L9="",0,IFERROR(IF(ISNUMBER(SEARCH(E9,INDEX('В08 Каталог'!$D$5:$D$19,MATCH(L9,'В08 Каталог'!$B$5:$B$19,0)))),INDEX('В08 Каталог'!$E$5:$E$19,MATCH(L9,'В08 Каталог'!$B$5:$B$19,0)),0),0)) | N9: =IF(L9="",0,IFERROR(IF(ISNUMBER(SEARCH(E9,INDEX('В08 Каталог'!$D$5:$D$19,MATCH(L9,'В08 Каталог'!$B$5:$B$19,0)))),INDEX('В08 Каталог'!$F$5:$F$19,MATCH(L9,'В08 Каталог'!$B$5:$B$19,0)),0),0)) | O9: =IF(F9="","",MAX(1,F9-M9)) | P9: =IF(G9="","",MAX(1,G9-N9)) | Q9: =IF(O9="","",O9*P9) | R9: =IF(J9<>"Так","",IF(K9="","Оберіть стратегію",IF(AND(K9="Приймати",H9>=17),"Критичний ризик не приймають",IF(AND(K9="Приймати",L9<>""),"Приймання: заходу не потрібно",IF(AND(K9<>"Приймати",L9=""),"Оберіть захід",IF(AND(K9="Передавати",L9<>"Страхування готівки та кіберризиків"),"Передача: оберіть страхування",IF(AND(K9="Уникати",L9<>"Призупинити сервіс чи функцію (уникнення, втрата бізнесу)"),"Уникнення: оберіть призупинення",IF(AND(L9<>"",M9+N9=0),"Захід не діє на цю категорію",IF(AND(L9<>"",INDEX('В08 Каталог'!$H$5:$H$19,MATCH(L9,'В08 Каталог'!$B$5:$B$19,0))="Ні"),"Захід недоступний","ОК"))))))))) | S9: Той самий захід M7 (оплачено один раз) закриває і ризик №2.
A10: 6 | B10: Готівка у вуличному банкоматі | C10: Злам корпусу банкомата для вилучення готівки | D10: Камери немає | E10: Фізичний доступ | F10: 2 | G10: 3 | H10: =IF(OR(F10="",G10=""),"",F10*G10) | I10: =IF(H10="","",IF(H10<=4,"Низький",IF(H10<=9,"Середній",IF(H10<=16,"Високий","Критичний")))) | K10: Зменшувати | L10: Освітлення та камера біля вуличного банкомата | M10: =IF(L10="",0,IFERROR(IF(ISNUMBER(SEARCH(E10,INDEX('В08 Каталог'!$D$5:$D$19,MATCH(L10,'В08 Каталог'!$B$5:$B$19,0)))),INDEX('В08 Каталог'!$E$5:$E$19,MATCH(L10,'В08 Каталог'!$B$5:$B$19,0)),0),0)) | N10: =IF(L10="",0,IFERROR(IF(ISNUMBER(SEARCH(E10,INDEX('В08 Каталог'!$D$5:$D$19,MATCH(L10,'В08 Каталог'!$B$5:$B$19,0)))),INDEX('В08 Каталог'!$F$5:$F$19,MATCH(L10,'В08 Каталог'!$B$5:$B$19,0)),0),0)) | O10: =IF(F10="","",MAX(1,F10-M10)) | P10: =IF(G10="","",MAX(1,G10-N10)) | Q10: =IF(O10="","",O10*P10) | R10: =IF(J10<>"Так","",IF(K10="","Оберіть стратегію",IF(AND(K10="Приймати",H10>=17),"Критичний ризик не приймають",IF(AND(K10="Приймати",L10<>""),"Приймання: заходу не потрібно",IF(AND(K10<>"Приймати",L10=""),"Оберіть захід",IF(AND(K10="Передавати",L10<>"Страхування готівки та кіберризиків"),"Передача: оберіть страхування",IF(AND(K10="Уникати",L10<>"Призупинити сервіс чи функцію (уникнення, втрата бізнесу)"),"Уникнення: оберіть призупинення",IF(AND(L10<>"",M10+N10=0),"Захід не діє на цю категорію",IF(AND(L10<>"",INDEX('В08 Каталог'!$H$5:$H$19,MATCH(L10,'В08 Каталог'!$B$5:$B$19,0))="Ні"),"Захід недоступний","ОК"))))))))) | S10: C = 3: до 190 тис. грн (50–250 тис.). Освітлення добре, тому P = 2.
A11: 7 | B11: Канали зв'язку з головним офісом (два) | C11: Відмова каналу до головного офісу | D11: Залежність від провайдерів | E11: Живлення і зв'язок | F11: 2 | G11: 3 | H11: =IF(OR(F11="",G11=""),"",F11*G11) | I11: =IF(H11="","",IF(H11<=4,"Низький",IF(H11<=9,"Середній",IF(H11<=16,"Високий","Критичний")))) | K11: Приймати | M11: =IF(L11="",0,IFERROR(IF(ISNUMBER(SEARCH(E11,INDEX('В08 Каталог'!$D$5:$D$19,MATCH(L11,'В08 Каталог'!$B$5:$B$19,0)))),INDEX('В08 Каталог'!$E$5:$E$19,MATCH(L11,'В08 Каталог'!$B$5:$B$19,0)),0),0)) | N11: =IF(L11="",0,IFERROR(IF(ISNUMBER(SEARCH(E11,INDEX('В08 Каталог'!$D$5:$D$19,MATCH(L11,'В08 Каталог'!$B$5:$B$19,0)))),INDEX('В08 Каталог'!$F$5:$F$19,MATCH(L11,'В08 Каталог'!$B$5:$B$19,0)),0),0)) | O11: =IF(F11="","",MAX(1,F11-M11)) | P11: =IF(G11="","",MAX(1,G11-N11)) | Q11: =IF(O11="","",O11*P11) | R11: =IF(J11<>"Так","",IF(K11="","Оберіть стратегію",IF(AND(K11="Приймати",H11>=17),"Критичний ризик не приймають",IF(AND(K11="Приймати",L11<>""),"Приймання: заходу не потрібно",IF(AND(K11<>"Приймати",L11=""),"Оберіть захід",IF(AND(K11="Передавати",L11<>"Страхування готівки та кіберризиків"),"Передача: оберіть страхування",IF(AND(K11="Уникати",L11<>"Призупинити сервіс чи функцію (уникнення, втрата бізнесу)"),"Уникнення: оберіть призупинення",IF(AND(L11<>"",M11+N11=0),"Захід не діє на цю категорію",IF(AND(L11<>"",INDEX('В08 Каталог'!$H$5:$H$19,MATCH(L11,'В08 Каталог'!$B$5:$B$19,0))="Ні"),"Захід недоступний","ОК"))))))))) | S11: Два канали: одночасна відмова малоймовірна.
A12: 8 | B12: Робочі місця кас і менеджерів (ПК) | C12: Раптове вимкнення світла під час операції: втрата незбереженої операції, збої дисків і БЖ | D12: ПК без ДБЖ, відключення щодня | E12: Живлення і зв'язок | F12: 5 | G12: 2 | H12: =IF(OR(F12="",G12=""),"",F12*G12) | I12: =IF(H12="","",IF(H12<=4,"Низький",IF(H12<=9,"Середній",IF(H12<=16,"Високий","Критичний")))) | K12: Зменшувати | L12: Генератор і ДБЖ | M12: =IF(L12="",0,IFERROR(IF(ISNUMBER(SEARCH(E12,INDEX('В08 Каталог'!$D$5:$D$19,MATCH(L12,'В08 Каталог'!$B$5:$B$19,0)))),INDEX('В08 Каталог'!$E$5:$E$19,MATCH(L12,'В08 Каталог'!$B$5:$B$19,0)),0),0)) | N12: =IF(L12="",0,IFERROR(IF(ISNUMBER(SEARCH(E12,INDEX('В08 Каталог'!$D$5:$D$19,MATCH(L12,'В08 Каталог'!$B$5:$B$19,0)))),INDEX('В08 Каталог'!$F$5:$F$19,MATCH(L12,'В08 Каталог'!$B$5:$B$19,0)),0),0)) | O12: =IF(F12="","",MAX(1,F12-M12)) | P12: =IF(G12="","",MAX(1,G12-N12)) | Q12: =IF(O12="","",O12*P12) | R12: =IF(J12<>"Так","",IF(K12="","Оберіть стратегію",IF(AND(K12="Приймати",H12>=17),"Критичний ризик не приймають",IF(AND(K12="Приймати",L12<>""),"Приймання: заходу не потрібно",IF(AND(K12<>"Приймати",L12=""),"Оберіть захід",IF(AND(K12="Передавати",L12<>"Страхування готівки та кіберризиків"),"Передача: оберіть страхування",IF(AND(K12="Уникати",L12<>"Призупинити сервіс чи функцію (уникнення, втрата бізнесу)"),"Уникнення: оберіть призупинення",IF(AND(L12<>"",M12+N12=0),"Захід не діє на цю категорію",IF(AND(L12<>"",INDEX('В08 Каталог'!$H$5:$H$19,MATCH(L12,'В08 Каталог'!$B$5:$B$19,0))="Ні"),"Захід недоступний","ОК"))))))))) | S12: Генератор і ДБЖ із ризику №1 закривають і цей ризик.
A13: 9 | B13: Облікові записи й паролі працівників | C13: Зловживання правами недобросовісним співробітником | D13: Права адміністратора в кількох працівників, журнали не переглядають | E13: Персонал і процеси | F13: 2 | G13: 4 | H13: =IF(OR(F13="",G13=""),"",F13*G13) | I13: =IF(H13="","",IF(H13<=4,"Низький",IF(H13<=9,"Середній",IF(H13<=16,"Високий","Критичний")))) | K13: Приймати | M13: =IF(L13="",0,IFERROR(IF(ISNUMBER(SEARCH(E13,INDEX('В08 Каталог'!$D$5:$D$19,MATCH(L13,'В08 Каталог'!$B$5:$B$19,0)))),INDEX('В08 Каталог'!$E$5:$E$19,MATCH(L13,'В08 Каталог'!$B$5:$B$19,0)),0),0)) | N13: =IF(L13="",0,IFERROR(IF(ISNUMBER(SEARCH(E13,INDEX('В08 Каталог'!$D$5:$D$19,MATCH(L13,'В08 Каталог'!$B$5:$B$19,0)))),INDEX('В08 Каталог'!$F$5:$F$19,MATCH(L13,'В08 Каталог'!$B$5:$B$19,0)),0),0)) | O13: =IF(F13="","",MAX(1,F13-M13)) | P13: =IF(G13="","",MAX(1,G13-N13)) | Q13: =IF(O13="","",O13*P13) | R13: =IF(J13<>"Так","",IF(K13="","Оберіть стратегію",IF(AND(K13="Приймати",H13>=17),"Критичний ризик не приймають",IF(AND(K13="Приймати",L13<>""),"Приймання: заходу не потрібно",IF(AND(K13<>"Приймати",L13=""),"Оберіть захід",IF(AND(K13="Передавати",L13<>"Страхування готівки та кіберризиків"),"Передача: оберіть страхування",IF(AND(K13="Уникати",L13<>"Призупинити сервіс чи функцію (уникнення, втрата бізнесу)"),"Уникнення: оберіть призупинення",IF(AND(L13<>"",M13+N13=0),"Захід не діє на цю категорію",IF(AND(L13<>"",INDEX('В08 Каталог'!$H$5:$H$19,MATCH(L13,'В08 Каталог'!$B$5:$B$19,0))="Ні"),"Захід недоступний","ОК"))))))))) | S13: Середній рівень; резерв бюджету — на нову обставину.
A14: 10 | B14: Серверна шафа (комутатори, маршрутизатор) | C14: Несанкціонований вхід у серверну й підключення до обладнання | D14: Замок серверної керує вразлива СКД, журналу входу немає | E14: Фізичний доступ | F14: 2 | G14: 4 | H14: =IF(OR(F14="",G14=""),"",F14*G14) | I14: =IF(H14="","",IF(H14<=4,"Низький",IF(H14<=9,"Середній",IF(H14<=16,"Високий","Критичний")))) | K14: Зменшувати | L14: Електронні замки та журнал входу в серверну | M14: =IF(L14="",0,IFERROR(IF(ISNUMBER(SEARCH(E14,INDEX('В08 Каталог'!$D$5:$D$19,MATCH(L14,'В08 Каталог'!$B$5:$B$19,0)))),INDEX('В08 Каталог'!$E$5:$E$19,MATCH(L14,'В08 Каталог'!$B$5:$B$19,0)),0),0)) | N14: =IF(L14="",0,IFERROR(IF(ISNUMBER(SEARCH(E14,INDEX('В08 Каталог'!$D$5:$D$19,MATCH(L14,'В08 Каталог'!$B$5:$B$19,0)))),INDEX('В08 Каталог'!$F$5:$F$19,MATCH(L14,'В08 Каталог'!$B$5:$B$19,0)),0),0)) | O14: =IF(F14="","",MAX(1,F14-M14)) | P14: =IF(G14="","",MAX(1,G14-N14)) | Q14: =IF(O14="","",O14*P14) | R14: =IF(J14<>"Так","",IF(K14="","Оберіть стратегію",IF(AND(K14="Приймати",H14>=17),"Критичний ризик не приймають",IF(AND(K14="Приймати",L14<>""),"Приймання: заходу не потрібно",IF(AND(K14<>"Приймати",L14=""),"Оберіть захід",IF(AND(K14="Передавати",L14<>"Страхування готівки та кіберризиків"),"Передача: оберіть страхування",IF(AND(K14="Уникати",L14<>"Призупинити сервіс чи функцію (уникнення, втрата бізнесу)"),"Уникнення: оберіть призупинення",IF(AND(L14<>"",M14+N14=0),"Захід не діє на цю категорію",IF(AND(L14<>"",INDEX('В08 Каталог'!$H$5:$H$19,MATCH(L14,'В08 Каталог'!$B$5:$B$19,0))="Ні"),"Захід недоступний","ОК"))))))))) | S14: Журнал входу показує, хто й коли заходив.
A15: 11 | B15: Банкомат у залі та POS-термінали (4 шт.) | C15: Підміна або модифікація POS-термінала (шимер) | D15: Пломби не перевіряють | E15: Шахрайство з картками | F15: 2 | G15: 3 | H15: =IF(OR(F15="",G15=""),"",F15*G15) | I15: =IF(H15="","",IF(H15<=4,"Низький",IF(H15<=9,"Середній",IF(H15<=16,"Високий","Критичний")))) | K15: Приймати | M15: =IF(L15="",0,IFERROR(IF(ISNUMBER(SEARCH(E15,INDEX('В08 Каталог'!$D$5:$D$19,MATCH(L15,'В08 Каталог'!$B$5:$B$19,0)))),INDEX('В08 Каталог'!$E$5:$E$19,MATCH(L15,'В08 Каталог'!$B$5:$B$19,0)),0),0)) | N15: =IF(L15="",0,IFERROR(IF(ISNUMBER(SEARCH(E15,INDEX('В08 Каталог'!$D$5:$D$19,MATCH(L15,'В08 Каталог'!$B$5:$B$19,0)))),INDEX('В08 Каталог'!$F$5:$F$19,MATCH(L15,'В08 Каталог'!$B$5:$B$19,0)),0),0)) | O15: =IF(F15="","",MAX(1,F15-M15)) | P15: =IF(G15="","",MAX(1,G15-N15)) | Q15: =IF(O15="","",O15*P15) | R15: =IF(J15<>"Так","",IF(K15="","Оберіть стратегію",IF(AND(K15="Приймати",H15>=17),"Критичний ризик не приймають",IF(AND(K15="Приймати",L15<>""),"Приймання: заходу не потрібно",IF(AND(K15<>"Приймати",L15=""),"Оберіть захід",IF(AND(K15="Передавати",L15<>"Страхування готівки та кіберризиків"),"Передача: оберіть страхування",IF(AND(K15="Уникати",L15<>"Призупинити сервіс чи функцію (уникнення, втрата бізнесу)"),"Уникнення: оберіть призупинення",IF(AND(L15<>"",M15+N15=0),"Захід не діє на цю категорію",IF(AND(L15<>"",INDEX('В08 Каталог'!$H$5:$H$19,MATCH(L15,'В08 Каталог'!$B$5:$B$19,0))="Ні"),"Захід недоступний","ОК"))))))))) | S15: Термінали в залі на очах у касирів.
A16: 12 | B16: Репутація відділення й довіра клієнтів | C16: Фішингові SMS і дзвінки клієнтам від імені відділення | D16: Клієнтів не попереджають про шахрайські схеми | E16: Соціальна інженерія | F16: 3 | G16: 3 | H16: =IF(OR(F16="",G16=""),"",F16*G16) | I16: =IF(H16="","",IF(H16<=4,"Низький",IF(H16<=9,"Середній",IF(H16<=16,"Високий","Критичний")))) | K16: Приймати | M16: =IF(L16="",0,IFERROR(IF(ISNUMBER(SEARCH(E16,INDEX('В08 Каталог'!$D$5:$D$19,MATCH(L16,'В08 Каталог'!$B$5:$B$19,0)))),INDEX('В08 Каталог'!$E$5:$E$19,MATCH(L16,'В08 Каталог'!$B$5:$B$19,0)),0),0)) | N16: =IF(L16="",0,IFERROR(IF(ISNUMBER(SEARCH(E16,INDEX('В08 Каталог'!$D$5:$D$19,MATCH(L16,'В08 Каталог'!$B$5:$B$19,0)))),INDEX('В08 Каталог'!$F$5:$F$19,MATCH(L16,'В08 Каталог'!$B$5:$B$19,0)),0),0)) | O16: =IF(F16="","",MAX(1,F16-M16)) | P16: =IF(G16="","",MAX(1,G16-N16)) | Q16: =IF(O16="","",O16*P16) | R16: =IF(J16<>"Так","",IF(K16="","Оберіть стратегію",IF(AND(K16="Приймати",H16>=17),"Критичний ризик не приймають",IF(AND(K16="Приймати",L16<>""),"Приймання: заходу не потрібно",IF(AND(K16<>"Приймати",L16=""),"Оберіть захід",IF(AND(K16="Передавати",L16<>"Страхування готівки та кіберризиків"),"Передача: оберіть страхування",IF(AND(K16="Уникати",L16<>"Призупинити сервіс чи функцію (уникнення, втрата бізнесу)"),"Уникнення: оберіть призупинення",IF(AND(L16<>"",M16+N16=0),"Захід не діє на цю категорію",IF(AND(L16<>"",INDEX('В08 Каталог'!$H$5:$H$19,MATCH(L16,'В08 Каталог'!$B$5:$B$19,0))="Ні"),"Захід недоступний","ОК"))))))))) | S16: Заходи з каталогу не діють на клієнтів напряму; інформування — без бюджету.
A17: 13 | B17: Готівка в касах і сховищі | C17: Пограбування каси під час відключення світла | D17: Сигналізація й камери в залі без резервного живлення | E17: Фізичний доступ | F17: 2 | G17: 4 | H17: =IF(OR(F17="",G17=""),"",F17*G17) | I17: =IF(H17="","",IF(H17<=4,"Низький",IF(H17<=9,"Середній",IF(H17<=16,"Високий","Критичний")))) | K17: Приймати | M17: =IF(L17="",0,IFERROR(IF(ISNUMBER(SEARCH(E17,INDEX('В08 Каталог'!$D$5:$D$19,MATCH(L17,'В08 Каталог'!$B$5:$B$19,0)))),INDEX('В08 Каталог'!$E$5:$E$19,MATCH(L17,'В08 Каталог'!$B$5:$B$19,0)),0),0)) | N17: =IF(L17="",0,IFERROR(IF(ISNUMBER(SEARCH(E17,INDEX('В08 Каталог'!$D$5:$D$19,MATCH(L17,'В08 Каталог'!$B$5:$B$19,0)))),INDEX('В08 Каталог'!$F$5:$F$19,MATCH(L17,'В08 Каталог'!$B$5:$B$19,0)),0),0)) | O17: =IF(F17="","",MAX(1,F17-M17)) | P17: =IF(G17="","",MAX(1,G17-N17)) | Q17: =IF(O17="","",O17*P17) | R17: =IF(J17<>"Так","",IF(K17="","Оберіть стратегію",IF(AND(K17="Приймати",H17>=17),"Критичний ризик не приймають",IF(AND(K17="Приймати",L17<>""),"Приймання: заходу не потрібно",IF(AND(K17<>"Приймати",L17=""),"Оберіть захід",IF(AND(K17="Передавати",L17<>"Страхування готівки та кіберризиків"),"Передача: оберіть страхування",IF(AND(K17="Уникати",L17<>"Призупинити сервіс чи функцію (уникнення, втрата бізнесу)"),"Уникнення: оберіть призупинення",IF(AND(L17<>"",M17+N17=0),"Захід не діє на цю категорію",IF(AND(L17<>"",INDEX('В08 Каталог'!$H$5:$H$19,MATCH(L17,'В08 Каталог'!$B$5:$B$19,0))="Ні"),"Захід недоступний","ОК"))))))))) | S17: Генератор (№1) частково знижує і цей ризик.
A18: 14 | B18: Працівники відділення (12 осіб) | C18: Касир за «дзвінком із ГО» змінює реквізити чи проводить платіж без перевірки | D18: Немає правила зворотного дзвінка, навчання не було | E18: Соціальна інженерія | F18: 3 | G18: 3 | H18: =IF(OR(F18="",G18=""),"",F18*G18) | I18: =IF(H18="","",IF(H18<=4,"Низький",IF(H18<=9,"Середній",IF(H18<=16,"Високий","Критичний")))) | K18: Зменшувати | L18: Навчання персоналу з фішингу та вішингу | M18: =IF(L18="",0,IFERROR(IF(ISNUMBER(SEARCH(E18,INDEX('В08 Каталог'!$D$5:$D$19,MATCH(L18,'В08 Каталог'!$B$5:$B$19,0)))),INDEX('В08 Каталог'!$E$5:$E$19,MATCH(L18,'В08 Каталог'!$B$5:$B$19,0)),0),0)) | N18: =IF(L18="",0,IFERROR(IF(ISNUMBER(SEARCH(E18,INDEX('В08 Каталог'!$D$5:$D$19,MATCH(L18,'В08 Каталог'!$B$5:$B$19,0)))),INDEX('В08 Каталог'!$F$5:$F$19,MATCH(L18,'В08 Каталог'!$B$5:$B$19,0)),0),0)) | O18: =IF(F18="","",MAX(1,F18-M18)) | P18: =IF(G18="","",MAX(1,G18-N18)) | Q18: =IF(O18="","",O18*P18) | R18: =IF(J18<>"Так","",IF(K18="","Оберіть стратегію",IF(AND(K18="Приймати",H18>=17),"Критичний ризик не приймають",IF(AND(K18="Приймати",L18<>""),"Приймання: заходу не потрібно",IF(AND(K18<>"Приймати",L18=""),"Оберіть захід",IF(AND(K18="Передавати",L18<>"Страхування готівки та кіберризиків"),"Передача: оберіть страхування",IF(AND(K18="Уникати",L18<>"Призупинити сервіс чи функцію (уникнення, втрата бізнесу)"),"Уникнення: оберіть призупинення",IF(AND(L18<>"",M18+N18=0),"Захід не діє на цю категорію",IF(AND(L18<>"",INDEX('В08 Каталог'!$H$5:$H$19,MATCH(L18,'В08 Каталог'!$B$5:$B$19,0))="Ні"),"Захід недоступний","ОК"))))))))) | S18: Навчання з вішингу: 3 спроби за рік показують, що це реально.
A19: 15 | H19: =IF(OR(F19="",G19=""),"",F19*G19) | I19: =IF(H19="","",IF(H19<=4,"Низький",IF(H19<=9,"Середній",IF(H19<=16,"Високий","Критичний")))) | M19: =IF(L19="",0,IFERROR(IF(ISNUMBER(SEARCH(E19,INDEX('В08 Каталог'!$D$5:$D$19,MATCH(L19,'В08 Каталог'!$B$5:$B$19,0)))),INDEX('В08 Каталог'!$E$5:$E$19,MATCH(L19,'В08 Каталог'!$B$5:$B$19,0)),0),0)) | N19: =IF(L19="",0,IFERROR(IF(ISNUMBER(SEARCH(E19,INDEX('В08 Каталог'!$D$5:$D$19,MATCH(L19,'В08 Каталог'!$B$5:$B$19,0)))),INDEX('В08 Каталог'!$F$5:$F$19,MATCH(L19,'В08 Каталог'!$B$5:$B$19,0)),0),0)) | O19: =IF(F19="","",MAX(1,F19-M19)) | P19: =IF(G19="","",MAX(1,G19-N19)) | Q19: =IF(O19="","",O19*P19) | R19: =IF(J19<>"Так","",IF(K19="","Оберіть стратегію",IF(AND(K19="Приймати",H19>=17),"Критичний ризик не приймають",IF(AND(K19="Приймати",L19<>""),"Приймання: заходу не потрібно",IF(AND(K19<>"Приймати",L19=""),"Оберіть захід",IF(AND(K19="Передавати",L19<>"Страхування готівки та кіберризиків"),"Передача: оберіть страхування",IF(AND(K19="Уникати",L19<>"Призупинити сервіс чи функцію (уникнення, втрата бізнесу)"),"Уникнення: оберіть призупинення",IF(AND(L19<>"",M19+N19=0),"Захід не діє на цю категорію",IF(AND(L19<>"",INDEX('В08 Каталог'!$H$5:$H$19,MATCH(L19,'В08 Каталог'!$B$5:$B$19,0))="Ні"),"Захід недоступний","ОК")))))))))
A20: 16 | H20: =IF(OR(F20="",G20=""),"",F20*G20) | I20: =IF(H20="","",IF(H20<=4,"Низький",IF(H20<=9,"Середній",IF(H20<=16,"Високий","Критичний")))) | M20: =IF(L20="",0,IFERROR(IF(ISNUMBER(SEARCH(E20,INDEX('В08 Каталог'!$D$5:$D$19,MATCH(L20,'В08 Каталог'!$B$5:$B$19,0)))),INDEX('В08 Каталог'!$E$5:$E$19,MATCH(L20,'В08 Каталог'!$B$5:$B$19,0)),0),0)) | N20: =IF(L20="",0,IFERROR(IF(ISNUMBER(SEARCH(E20,INDEX('В08 Каталог'!$D$5:$D$19,MATCH(L20,'В08 Каталог'!$B$5:$B$19,0)))),INDEX('В08 Каталог'!$F$5:$F$19,MATCH(L20,'В08 Каталог'!$B$5:$B$19,0)),0),0)) | O20: =IF(F20="","",MAX(1,F20-M20)) | P20: =IF(G20="","",MAX(1,G20-N20)) | Q20: =IF(O20="","",O20*P20) | R20: =IF(J20<>"Так","",IF(K20="","Оберіть стратегію",IF(AND(K20="Приймати",H20>=17),"Критичний ризик не приймають",IF(AND(K20="Приймати",L20<>""),"Приймання: заходу не потрібно",IF(AND(K20<>"Приймати",L20=""),"Оберіть захід",IF(AND(K20="Передавати",L20<>"Страхування готівки та кіберризиків"),"Передача: оберіть страхування",IF(AND(K20="Уникати",L20<>"Призупинити сервіс чи функцію (уникнення, втрата бізнесу)"),"Уникнення: оберіть призупинення",IF(AND(L20<>"",M20+N20=0),"Захід не діє на цю категорію",IF(AND(L20<>"",INDEX('В08 Каталог'!$H$5:$H$19,MATCH(L20,'В08 Каталог'!$B$5:$B$19,0))="Ні"),"Захід недоступний","ОК")))))))))
A21: 17 | H21: =IF(OR(F21="",G21=""),"",F21*G21) | I21: =IF(H21="","",IF(H21<=4,"Низький",IF(H21<=9,"Середній",IF(H21<=16,"Високий","Критичний")))) | M21: =IF(L21="",0,IFERROR(IF(ISNUMBER(SEARCH(E21,INDEX('В08 Каталог'!$D$5:$D$19,MATCH(L21,'В08 Каталог'!$B$5:$B$19,0)))),INDEX('В08 Каталог'!$E$5:$E$19,MATCH(L21,'В08 Каталог'!$B$5:$B$19,0)),0),0)) | N21: =IF(L21="",0,IFERROR(IF(ISNUMBER(SEARCH(E21,INDEX('В08 Каталог'!$D$5:$D$19,MATCH(L21,'В08 Каталог'!$B$5:$B$19,0)))),INDEX('В08 Каталог'!$F$5:$F$19,MATCH(L21,'В08 Каталог'!$B$5:$B$19,0)),0),0)) | O21: =IF(F21="","",MAX(1,F21-M21)) | P21: =IF(G21="","",MAX(1,G21-N21)) | Q21: =IF(O21="","",O21*P21) | R21: =IF(J21<>"Так","",IF(K21="","Оберіть стратегію",IF(AND(K21="Приймати",H21>=17),"Критичний ризик не приймають",IF(AND(K21="Приймати",L21<>""),"Приймання: заходу не потрібно",IF(AND(K21<>"Приймати",L21=""),"Оберіть захід",IF(AND(K21="Передавати",L21<>"Страхування готівки та кіберризиків"),"Передача: оберіть страхування",IF(AND(K21="Уникати",L21<>"Призупинити сервіс чи функцію (уникнення, втрата бізнесу)"),"Уникнення: оберіть призупинення",IF(AND(L21<>"",M21+N21=0),"Захід не діє на цю категорію",IF(AND(L21<>"",INDEX('В08 Каталог'!$H$5:$H$19,MATCH(L21,'В08 Каталог'!$B$5:$B$19,0))="Ні"),"Захід недоступний","ОК")))))))))
A22: 18 | H22: =IF(OR(F22="",G22=""),"",F22*G22) | I22: =IF(H22="","",IF(H22<=4,"Низький",IF(H22<=9,"Середній",IF(H22<=16,"Високий","Критичний")))) | M22: =IF(L22="",0,IFERROR(IF(ISNUMBER(SEARCH(E22,INDEX('В08 Каталог'!$D$5:$D$19,MATCH(L22,'В08 Каталог'!$B$5:$B$19,0)))),INDEX('В08 Каталог'!$E$5:$E$19,MATCH(L22,'В08 Каталог'!$B$5:$B$19,0)),0),0)) | N22: =IF(L22="",0,IFERROR(IF(ISNUMBER(SEARCH(E22,INDEX('В08 Каталог'!$D$5:$D$19,MATCH(L22,'В08 Каталог'!$B$5:$B$19,0)))),INDEX('В08 Каталог'!$F$5:$F$19,MATCH(L22,'В08 Каталог'!$B$5:$B$19,0)),0),0)) | O22: =IF(F22="","",MAX(1,F22-M22)) | P22: =IF(G22="","",MAX(1,G22-N22)) | Q22: =IF(O22="","",O22*P22) | R22: =IF(J22<>"Так","",IF(K22="","Оберіть стратегію",IF(AND(K22="Приймати",H22>=17),"Критичний ризик не приймають",IF(AND(K22="Приймати",L22<>""),"Приймання: заходу не потрібно",IF(AND(K22<>"Приймати",L22=""),"Оберіть захід",IF(AND(K22="Передавати",L22<>"Страхування готівки та кіберризиків"),"Передача: оберіть страхування",IF(AND(K22="Уникати",L22<>"Призупинити сервіс чи функцію (уникнення, втрата бізнесу)"),"Уникнення: оберіть призупинення",IF(AND(L22<>"",M22+N22=0),"Захід не діє на цю категорію",IF(AND(L22<>"",INDEX('В08 Каталог'!$H$5:$H$19,MATCH(L22,'В08 Каталог'!$B$5:$B$19,0))="Ні"),"Захід недоступний","ОК")))))))))
A23: 19 | H23: =IF(OR(F23="",G23=""),"",F23*G23) | I23: =IF(H23="","",IF(H23<=4,"Низький",IF(H23<=9,"Середній",IF(H23<=16,"Високий","Критичний")))) | M23: =IF(L23="",0,IFERROR(IF(ISNUMBER(SEARCH(E23,INDEX('В08 Каталог'!$D$5:$D$19,MATCH(L23,'В08 Каталог'!$B$5:$B$19,0)))),INDEX('В08 Каталог'!$E$5:$E$19,MATCH(L23,'В08 Каталог'!$B$5:$B$19,0)),0),0)) | N23: =IF(L23="",0,IFERROR(IF(ISNUMBER(SEARCH(E23,INDEX('В08 Каталог'!$D$5:$D$19,MATCH(L23,'В08 Каталог'!$B$5:$B$19,0)))),INDEX('В08 Каталог'!$F$5:$F$19,MATCH(L23,'В08 Каталог'!$B$5:$B$19,0)),0),0)) | O23: =IF(F23="","",MAX(1,F23-M23)) | P23: =IF(G23="","",MAX(1,G23-N23)) | Q23: =IF(O23="","",O23*P23) | R23: =IF(J23<>"Так","",IF(K23="","Оберіть стратегію",IF(AND(K23="Приймати",H23>=17),"Критичний ризик не приймають",IF(AND(K23="Приймати",L23<>""),"Приймання: заходу не потрібно",IF(AND(K23<>"Приймати",L23=""),"Оберіть захід",IF(AND(K23="Передавати",L23<>"Страхування готівки та кіберризиків"),"Передача: оберіть страхування",IF(AND(K23="Уникати",L23<>"Призупинити сервіс чи функцію (уникнення, втрата бізнесу)"),"Уникнення: оберіть призупинення",IF(AND(L23<>"",M23+N23=0),"Захід не діє на цю категорію",IF(AND(L23<>"",INDEX('В08 Каталог'!$H$5:$H$19,MATCH(L23,'В08 Каталог'!$B$5:$B$19,0))="Ні"),"Захід недоступний","ОК")))))))))
A24: 20 | H24: =IF(OR(F24="",G24=""),"",F24*G24) | I24: =IF(H24="","",IF(H24<=4,"Низький",IF(H24<=9,"Середній",IF(H24<=16,"Високий","Критичний")))) | M24: =IF(L24="",0,IFERROR(IF(ISNUMBER(SEARCH(E24,INDEX('В08 Каталог'!$D$5:$D$19,MATCH(L24,'В08 Каталог'!$B$5:$B$19,0)))),INDEX('В08 Каталог'!$E$5:$E$19,MATCH(L24,'В08 Каталог'!$B$5:$B$19,0)),0),0)) | N24: =IF(L24="",0,IFERROR(IF(ISNUMBER(SEARCH(E24,INDEX('В08 Каталог'!$D$5:$D$19,MATCH(L24,'В08 Каталог'!$B$5:$B$19,0)))),INDEX('В08 Каталог'!$F$5:$F$19,MATCH(L24,'В08 Каталог'!$B$5:$B$19,0)),0),0)) | O24: =IF(F24="","",MAX(1,F24-M24)) | P24: =IF(G24="","",MAX(1,G24-N24)) | Q24: =IF(O24="","",O24*P24) | R24: =IF(J24<>"Так","",IF(K24="","Оберіть стратегію",IF(AND(K24="Приймати",H24>=17),"Критичний ризик не приймають",IF(AND(K24="Приймати",L24<>""),"Приймання: заходу не потрібно",IF(AND(K24<>"Приймати",L24=""),"Оберіть захід",IF(AND(K24="Передавати",L24<>"Страхування готівки та кіберризиків"),"Передача: оберіть страхування",IF(AND(K24="Уникати",L24<>"Призупинити сервіс чи функцію (уникнення, втрата бізнесу)"),"Уникнення: оберіть призупинення",IF(AND(L24<>"",M24+N24=0),"Захід не діє на цю категорію",IF(AND(L24<>"",INDEX('В08 Каталог'!$H$5:$H$19,MATCH(L24,'В08 Каталог'!$B$5:$B$19,0))="Ні"),"Захід недоступний","ОК")))))))))

Sheet В08 Матриця
A1: Матриця «ймовірність × наслідки»
A2: Числа в клітинках: скільки ризиків із вашого реєстру потрапило в цю клітинку. Ліворуч, до заходів; праворуч, після заходів.
A4: До заходів | I4: Після заходів
B5: Ймовірність P → | J5: Ймовірність P →
A6: C = 5 | B6: =COUNTIFS('В08 Ризики'!$F$5:$F$24,1,'В08 Ризики'!$G$5:$G$24,5) | C6: =COUNTIFS('В08 Ризики'!$F$5:$F$24,2,'В08 Ризики'!$G$5:$G$24,5) | D6: =COUNTIFS('В08 Ризики'!$F$5:$F$24,3,'В08 Ризики'!$G$5:$G$24,5) | E6: =COUNTIFS('В08 Ризики'!$F$5:$F$24,4,'В08 Ризики'!$G$5:$G$24,5) | F6: =COUNTIFS('В08 Ризики'!$F$5:$F$24,5,'В08 Ризики'!$G$5:$G$24,5) | I6: C = 5 | J6: =COUNTIFS('В08 Ризики'!$O$5:$O$24,1,'В08 Ризики'!$P$5:$P$24,5) | K6: =COUNTIFS('В08 Ризики'!$O$5:$O$24,2,'В08 Ризики'!$P$5:$P$24,5) | L6: =COUNTIFS('В08 Ризики'!$O$5:$O$24,3,'В08 Ризики'!$P$5:$P$24,5) | M6: =COUNTIFS('В08 Ризики'!$O$5:$O$24,4,'В08 Ризики'!$P$5:$P$24,5) | N6: =COUNTIFS('В08 Ризики'!$O$5:$O$24,5,'В08 Ризики'!$P$5:$P$24,5)
A7: C = 4 | B7: =COUNTIFS('В08 Ризики'!$F$5:$F$24,1,'В08 Ризики'!$G$5:$G$24,4) | C7: =COUNTIFS('В08 Ризики'!$F$5:$F$24,2,'В08 Ризики'!$G$5:$G$24,4) | D7: =COUNTIFS('В08 Ризики'!$F$5:$F$24,3,'В08 Ризики'!$G$5:$G$24,4) | E7: =COUNTIFS('В08 Ризики'!$F$5:$F$24,4,'В08 Ризики'!$G$5:$G$24,4) | F7: =COUNTIFS('В08 Ризики'!$F$5:$F$24,5,'В08 Ризики'!$G$5:$G$24,4) | I7: C = 4 | J7: =COUNTIFS('В08 Ризики'!$O$5:$O$24,1,'В08 Ризики'!$P$5:$P$24,4) | K7: =COUNTIFS('В08 Ризики'!$O$5:$O$24,2,'В08 Ризики'!$P$5:$P$24,4) | L7: =COUNTIFS('В08 Ризики'!$O$5:$O$24,3,'В08 Ризики'!$P$5:$P$24,4) | M7: =COUNTIFS('В08 Ризики'!$O$5:$O$24,4,'В08 Ризики'!$P$5:$P$24,4) | N7: =COUNTIFS('В08 Ризики'!$O$5:$O$24,5,'В08 Ризики'!$P$5:$P$24,4)
A8: C = 3 | B8: =COUNTIFS('В08 Ризики'!$F$5:$F$24,1,'В08 Ризики'!$G$5:$G$24,3) | C8: =COUNTIFS('В08 Ризики'!$F$5:$F$24,2,'В08 Ризики'!$G$5:$G$24,3) | D8: =COUNTIFS('В08 Ризики'!$F$5:$F$24,3,'В08 Ризики'!$G$5:$G$24,3) | E8: =COUNTIFS('В08 Ризики'!$F$5:$F$24,4,'В08 Ризики'!$G$5:$G$24,3) | F8: =COUNTIFS('В08 Ризики'!$F$5:$F$24,5,'В08 Ризики'!$G$5:$G$24,3) | I8: C = 3 | J8: =COUNTIFS('В08 Ризики'!$O$5:$O$24,1,'В08 Ризики'!$P$5:$P$24,3) | K8: =COUNTIFS('В08 Ризики'!$O$5:$O$24,2,'В08 Ризики'!$P$5:$P$24,3) | L8: =COUNTIFS('В08 Ризики'!$O$5:$O$24,3,'В08 Ризики'!$P$5:$P$24,3) | M8: =COUNTIFS('В08 Ризики'!$O$5:$O$24,4,'В08 Ризики'!$P$5:$P$24,3) | N8: =COUNTIFS('В08 Ризики'!$O$5:$O$24,5,'В08 Ризики'!$P$5:$P$24,3)
A9: C = 2 | B9: =COUNTIFS('В08 Ризики'!$F$5:$F$24,1,'В08 Ризики'!$G$5:$G$24,2) | C9: =COUNTIFS('В08 Ризики'!$F$5:$F$24,2,'В08 Ризики'!$G$5:$G$24,2) | D9: =COUNTIFS('В08 Ризики'!$F$5:$F$24,3,'В08 Ризики'!$G$5:$G$24,2) | E9: =COUNTIFS('В08 Ризики'!$F$5:$F$24,4,'В08 Ризики'!$G$5:$G$24,2) | F9: =COUNTIFS('В08 Ризики'!$F$5:$F$24,5,'В08 Ризики'!$G$5:$G$24,2) | I9: C = 2 | J9: =COUNTIFS('В08 Ризики'!$O$5:$O$24,1,'В08 Ризики'!$P$5:$P$24,2) | K9: =COUNTIFS('В08 Ризики'!$O$5:$O$24,2,'В08 Ризики'!$P$5:$P$24,2) | L9: =COUNTIFS('В08 Ризики'!$O$5:$O$24,3,'В08 Ризики'!$P$5:$P$24,2) | M9: =COUNTIFS('В08 Ризики'!$O$5:$O$24,4,'В08 Ризики'!$P$5:$P$24,2) | N9: =COUNTIFS('В08 Ризики'!$O$5:$O$24,5,'В08 Ризики'!$P$5:$P$24,2)
A10: C = 1 | B10: =COUNTIFS('В08 Ризики'!$F$5:$F$24,1,'В08 Ризики'!$G$5:$G$24,1) | C10: =COUNTIFS('В08 Ризики'!$F$5:$F$24,2,'В08 Ризики'!$G$5:$G$24,1) | D10: =COUNTIFS('В08 Ризики'!$F$5:$F$24,3,'В08 Ризики'!$G$5:$G$24,1) | E10: =COUNTIFS('В08 Ризики'!$F$5:$F$24,4,'В08 Ризики'!$G$5:$G$24,1) | F10: =COUNTIFS('В08 Ризики'!$F$5:$F$24,5,'В08 Ризики'!$G$5:$G$24,1) | I10: C = 1 | J10: =COUNTIFS('В08 Ризики'!$O$5:$O$24,1,'В08 Ризики'!$P$5:$P$24,1) | K10: =COUNTIFS('В08 Ризики'!$O$5:$O$24,2,'В08 Ризики'!$P$5:$P$24,1) | L10: =COUNTIFS('В08 Ризики'!$O$5:$O$24,3,'В08 Ризики'!$P$5:$P$24,1) | M10: =COUNTIFS('В08 Ризики'!$O$5:$O$24,4,'В08 Ризики'!$P$5:$P$24,1) | N10: =COUNTIFS('В08 Ризики'!$O$5:$O$24,5,'В08 Ризики'!$P$5:$P$24,1)
B11: P = 1 | C11: P = 2 | D11: P = 3 | E11: P = 4 | F11: P = 5 | J11: P = 1 | K11: P = 2 | L11: P = 3 | M11: P = 4 | N11: P = 5
A14: Зелений: низький (1–4). Жовтий: середній (5–9). Помаранчевий: високий (10–16). Червоний: критичний (17–25).

Sheet В08 Бюджет
A1: Бюджет і ефект заходів
A4: Бюджет відділення | B4: 100
A5: Витрачено на заходи | B5: =SUM('В08 Каталог'!G5:G19)
A6: Залишок | B6: =B4-B5
A7: Перевірка бюджету | B7: =IF(B6>=0,"У межах бюджету","Перевищено на "&(-B6))
A8: Сума рівнів усіх ризиків до заходів | B8: =SUM('В08 Ризики'!H5:H24)
A9: Сума залишкових рівнів після заходів | B9: =SUM('В08 Ризики'!Q5:Q24)
A10: Зниження сукупного ризику | B10: =IF(B8=0,"",1-B9/B8)
A11: Ризики з позначкою «Топ-5» | B11: =COUNTIF('В08 Ризики'!J5:J24,"Так")
A12: Топ-5: що не так у перевірці | B12: =SUMPRODUCT(('В08 Ризики'!J5:J24="Так")*('В08 Ризики'!R5:R24<>"ОК"))
A13: Ризики у реєстрі | B13: =COUNTA('В08 Ризики'!B5:B24)
A15: Топ-5 має містити рівно 5 ризиків, у кожного з яких стратегія й захід узгоджені (колонка «Перевірка» = ОК); «Топ-5: що не так у перевірці» має дорівнювати 0.

Sheet В08 Обґрунтування
A1: Обґрунтування вибору
A2: Пишіть власні пояснення для 2–3 ризиків із топ-5 своїми словами (2–3 речення). Викладач може попросити пояснити їх усно.
A4: Ризик № (з реєстру) | B4: Нотатка | C4: Чому така стратегія і такий захід? Чому не інший? | D4: Що лишається після заходу й чому це прийнятно?
A5: 1 | B5: Критичний (20), приймати не можна | C5: Відключення щодня по 6 год, резерву немає — тому P = 5. Обрав «Генератор і ДБЖ», бо LTE-канал (M5) не допоможе: без світла не працює саме обладнання. Захід заодно закриває ризик №8 (ПК без ДБЖ). | D5: P 5 → 3, C 4 → 3, залишковий рівень 9 (середній). Генератор не миттєвий і потребує пального — це прийнятно, бо ДБЖ тримає каси до запуску генератора.
A6: 3 | B6: Критичний (20), витік даних клієнтів | C6: Вішинг уже трапляється (3 спроби за рік), а вхід в АБС лише за паролем. MFA знижує P на 2: навіть виманений пароль без другого фактора не дає входу. Навчання (M1) дешевше, але знижує P лише на 1, тому його я поставив на ризик №14. | D6: Залишок 2 × 5 = 10: наслідки витоку не зменшуються, тому ризик лишається у фокусі; прийнятно, бо ймовірність тепер «раз на 2–5 років».
A7: 2 | B7: Особливий актив В08 | C7: ОС застаріла, оновлення (M9) для неї вже не виходять, тож оновлення не спрацює. Сегментація (M7) виносить ПК СКД в окремий VLAN зі списком доступу: навіть заражений ПК не дістанеться кас і АБС. | D7: Залишок 3 × 2 = 6. Сам ПК лишається вразливим, але шкода обмежена його VLAN; у наступному бюджеті — заміна ПК.
A11: Нова обставина
A12: Що сказано у файлі «Нова обставина» і які саме рядки таблиці ви змінили (ризик №, було → стало):
A13: КРОК 4 НЕ ВИКОНАНО: файл «Нова обставина» для варіанта 08 видає викладач у Teams після кроків 1–3; його ще немає. Резерв бюджету 11 у. о. навмисно залишено під цю обставину.
