Workbook

Sheet В08 Інструкція
A1: ПР 2. Модель загроз: шлях платіжної картки. Варіант 08
A2: Працюйте в жовтих комірках. Сірі комірки рахуються самі (захищені). Схему малюйте у файлі PowerPoint.
A4: Порядок роботи
A5: 1. Схема (питання 1) | B5: У файлі PowerPoint домалюйте стрілки потоків, підпишіть, що передається, і проведіть межі довіри M1–M6. Межі запишіть також на аркуші «Картка».
A6: 2. Загрози (питання 2) | B6: Для кожної межі знайдіть загрози за STRIDE (≥ 12 загроз; усі шість меж і всі шість літер). Знайдіть три помилки в аркуші «Чернетка колеги».
A7: 3. Заходи (питання 3) | B7: Позначте 8 найсерйозніших загроз («Так» у «Топ-8»), оберіть захід із «Каталогу» і напишіть, де саме в мережі він працює. Якщо мережа загрозу не закриває, оберіть захід «Поза курсом» і поясніть.
A8: 4. Нова обставина | B8: Коли завершите кроки 1–3, відкрийте окремий файл «Нова обставина» (не раніше). Додайте межу M7 і ≥ 2 нові загрози з заходами, поправте схему й запишіть, що змінилось (аркуш «Обґрунтування»).
A9: 5. Обґрунтування | B9: Власними словами поясніть вибір для 2–3 загроз (аркуш «Обґрунтування»).
A11: STRIDE | B11: S — підміна (хтось видає себе за іншого) · T — зміна даних · R — відмова від дій (немає доказів, хто що зробив) · I — витік (хтось читає чуже) · D — відмова в обслуговуванні · E — підвищення прав (хтось отримує більше прав, ніж мав би)
A12: Серйозність загрози | B12: 1 — незначна: без збитків для грошей і даних карток. 2 — суттєва: обмежені збитки або тимчасова зупинка. 3 — серйозна: масова компрометація карток, значні гроші або зупинка платежів.
A13: Природа загрози | B13: мережева — закривається налаштуванням мережі; фізична — потрібен доступ до пристрою; організаційна — залежить від процедур і договорів.
A14: Перевірка заходу | B14: Лабораторний захід має діяти на вашу літеру STRIDE (див. «Каталог»). Мережевий захід не закриває фізичну загрозу. Для мережевої загрози потрібен захід з лабораторних. Для решти допустимі заходи «Поза курсом».
A15: Зв'язок із ПР 1 | B15: У колонці «Категорія ризику з ПР 1» вкажіть, до якого ризику з вашого реєстру ПР 1 належить загроза.

Sheet В08 Картка
A1: Картка варіанта 08
A3: Студент (прізвище) | B3: Кравченко
A4: Точка прийому | B4: стаціонарний POS-термінал на касі
A5: Підключення точки до мережі | B5: Wi-Fi відділення
A6: Зв'язок відділення зі шлюзом | B6: виділена лінія до головного офісу
A7: Особливий учасник | B7: підрядник-інтегратор мережі й Wi-Fi: адміністрування Wi-Fi та комутаторів відділення
A8: Платіжний шлюз | B8: у центрі обробки; після нього АБС (головний офіс)
A9: Шлях картки | B9: клієнт → точка прийому → мережа відділення → зовнішній канал → платіжний шлюз → АБС
A11: Межі довіри на шляху: опишіть, між чим і чим проходить кожна межа
A12: На шляху шість меж довіри (M1–M6), якщо рахувати й особливого учасника. M7 з'явиться після нової обставини.
A13: M1 | B13: Клієнт і картка ↔ POS-термінал на касі (зчитувач картки, ПІН-клавіатура) | C13: =A13&". "&B13
A14: M2 | B14: POS-термінал ↔ Wi-Fi відділення (радіоефір доступний будь-кому поблизу) | C14: =A14&". "&B14
A15: M3 | B15: Точки доступу Wi-Fi ↔ дротова мережа відділення (комутатори, каси, АБС) | C15: =A15&". "&B15
A16: M4 | B16: Маршрутизатор відділення ↔ виділена лінія оператора до головного офісу | C16: =A16&". "&B16
A17: M5 | B17: Головний офіс ↔ платіжний шлюз і АБС у центрі обробки | C17: =A17&". "&B17
A18: M6 | B18: Підрядник-інтегратор ↔ інтерфейси керування Wi-Fi і комутаторів | C18: =A18&". "&B18
A19: M7 | C19: =A19&". "&B19

Sheet В08 Каталог
A1: Каталог заходів
A2: Лабораторні заходи вивчатимете далі в курсі. Літери показують, які типи STRIDE захід закриває. Заходи «Поза курсом» теж допустимі, але лише там, де мережа не допоможе.
A4: Код | B4: Назва заходу | C4: Тип | D4: Діє на STRIDE | E4: Лабораторна
A5: L1 | B5: ЛР1. Сегментація VLAN і маршрутизація між ними | C5: Лабораторна | D5: I E | E5: ЛР 1
A6: L2 | B6: ЛР2. Port Security на портах комутатора | C6: Лабораторна | D6: S | E6: ЛР 2
A7: L3 | B7: ЛР3. DHCP Snooping | C7: Лабораторна | D7: S T | E7: ЛР 3
A8: L4 | B8: ЛР4. Списки доступу (ACL) між зонами | C8: Лабораторна | D8: E I T | E8: ЛР 4
A9: L5 | B9: ЛР5. Міжмережевий екран ASA: зони й NAT | C9: Лабораторна | D9: E I S | E9: ЛР 5
A10: L6 | B10: ЛР6. DMZ для вебсайту й ДБО | C10: Лабораторна | D10: E I | E10: ЛР 6
A11: L7 | B11: ЛР7. IPsec VPN між відділенням і головним офісом | C11: Лабораторна | D11: S T I | E11: ЛР 7
A12: L8 | B12: ЛР8. Окремий VLAN для пристроїв і захищена Wi-Fi (WPA2) | C12: Лабораторна | D12: S E I | E12: ЛР 8
A13: L9 | B13: ЛР9. SSH, AAA і RADIUS, ролі адміністраторів | C13: Лабораторна | D13: S E R | E13: ЛР 9
A14: L10 | B14: ЛР10. Syslog, NTP і моніторинг (лише виявляє) | C14: Лабораторна | D14: R D | E14: ЛР 10
A15: O1 | B15: Поза курсом: навчання й інструктаж персоналу | C15: Поза курсом | E15: —
A16: O2 | B16: Поза курсом: договір, регламент, журнал відвідувань підрядника | C16: Поза курсом | E16: —
A17: O3 | B17: Поза курсом: антискімінгові накладки, пломби, замки, огляд пристрою | C17: Поза курсом | E17: —
A18: O4 | B18: Поза курсом: резервний канал і угода про рівень обслуговування | C18: Поза курсом | E18: —
A19: O5 | B19: Поза курсом: подвійний контроль і звірка інкасації | C19: Поза курсом | E19: —

Sheet В08 Чернетка колеги
A1: Чернетка таблиці загроз від колеги
A2: У ній три помилки. Знайдіть їх, запишіть у журнал і не переносьте у свою таблицю без виправлення.
A4: № | B4: Межа | C4: STRIDE | D4: Загроза | E4: Природа | F4: Серйозність | G4: Захід
A5: 1 | B5: M4 | C5: T — зміна даних | D5: Перехоплення платіжного трафіку в каналі: зловмисник читає передані дані | E5: мережева | F5: 3 | G5: ЛР7. IPsec VPN між відділенням і головним офісом
A6: 2 | B6: M1 | C6: T — зміна даних | D6: Скімер на POS-термінала на касі: копіює дані картки | E6: фізична | F6: 3 | G6: ЛР1. Сегментація VLAN і маршрутизація між ними
A7: 3 | B7: M5 | C7: R — відмова від дій | D7: Шлюз не зберігає журнал: після шахрайства неможливо відновити послідовність подій | E7: мережева | F7: 2 | G7: ЛР10. Syslog, NTP і моніторинг (лише виявляє)
A8: 4 | B8: M1 | C8: R — відмова від дій | D8: Клієнт заперечує операцію, а повного журналу з точним часом немає | E8: організаційна | F8: 2 | G8: ЛР10. Syslog, NTP і моніторинг (лише виявляє)
A9: 5 | B9: M2 | C9: S — підміна | D9: Чужий пристрій підключається до Wi-Fi відділення й видає себе за термінал | E9: мережева | F9: 3 | G9: ЛР8. Окремий VLAN для пристроїв і захищена Wi-Fi (WPA2)
A10: 6 | B10: M3 | C10: T — зміна даних | D10: Встановити IPsec VPN і міжмережевий екран між відділенням і шлюзом | E10: мережева | F10: 3 | G10: ЛР7. IPsec VPN між відділенням і головним офісом
A11: 7 | B11: M5 | C11: S — підміна | D11: Підроблений запит до АБС від зламаного шлюзу чи від ПК відділення | E11: мережева | F11: 3 | G11: ЛР5. Міжмережевий екран ASA: зони й NAT
A13: Журнал виправлень
A14: Рядок | B14: Тип помилки | C14: Що не так і як виправити
A15: 1 | B15: Літера STRIDE не відповідає описові | C15: «Зловмисник читає передані дані» — це витік (I), а не зміна даних (T). Виправлено на I; захід IPsec VPN (L7) закриває I, тож він лишається.
A16: 2 | B16: Мережевий захід для фізичної загрози | C16: Скімер на POS — фізична загроза, VLAN (L1) її не закриває. Правильно: «Поза курсом: антискімінгові накладки, пломби, огляд пристрою»; до того ж копіювання картки — це I, а не T.
A17: 6 | B17: Загроза записана як захід | C17: «Встановити IPsec VPN і міжмережевий екран» — це захід, а не загроза. Треба: хто, що робить, що втрачаємо (напр., підміна запиту до шлюзу зламаним ПК).

Sheet В08 Загрози і заходи
A1: Загрози за STRIDE і заходи (питання 2 і 3)
A2: Один рядок: межа + літера STRIDE + загроза. Топ-8: для кожної обов'язково захід і де в мережі.
A4: № | B4: Межа довіри | C4: Що передається чи що під загрозою | D4: STRIDE | E4: Загроза: хто, що робить, що втрачаємо | F4: Природа | G4: Серйозність 1–3 | H4: Категорія ризику з ПР 1 | I4: Топ-8 | J4: Захід (з Каталогу) | K4: Де в мережі: пристрій, зона, що налаштувати | L4: Перевірка | M4: Лабораторна | N4: Тип заходу | O4: Примітка
A5: 1 | B5: M1. Клієнт і картка ↔ POS-термінал на касі (зчитувач картки, ПІН-клавіатура) | C5: дані картки й ПІН | D5: I — витік | E5: Шахрай ставить шимер/накладку на ПІН-клавіатуру POS на касі й копіює картки та ПІН — клієнти втрачають гроші | F5: фізична | G5: 3 | H5: Шахрайство з картками | I5: Так | J5: Поза курсом: антискімінгові накладки, пломби, замки, огляд пристрою | K5: POS на касі: пломби на корпусі, огляд касиром на початку зміни, термінал закріплений на стійці | L5: =IF(I5<>"Так","",IF(J5="","Оберіть захід",IF(K5="","Вкажіть, де в мережі",IF(D5="","Оберіть літеру STRIDE",IF(F5="","Вкажіть природу",IF(AND(INDEX('В08 Каталог'!$C$5:$C$19,MATCH(J5,'В08 Каталог'!$B$5:$B$19,0))="Лабораторна",F5="фізична",INDEX('В08 Каталог'!$A$5:$A$19,MATCH(J5,'В08 Каталог'!$B$5:$B$19,0))<>"L10"),"Мережевий захід не закриває фізичну загрозу",IF(AND(INDEX('В08 Каталог'!$C$5:$C$19,MATCH(J5,'В08 Каталог'!$B$5:$B$19,0))="Лабораторна",ISERROR(SEARCH(LEFT(D5,1),INDEX('В08 Каталог'!$D$5:$D$19,MATCH(J5,'В08 Каталог'!$B$5:$B$19,0))))),"Захід не діє на цей тип загрози",IF(AND(INDEX('В08 Каталог'!$C$5:$C$19,MATCH(J5,'В08 Каталог'!$B$5:$B$19,0))="Поза курсом",F5="мережева"),"Для мережевої загрози потрібен захід з лабораторних","ОК")))))))) | M5: =IF(J5="","",IFERROR(INDEX('В08 Каталог'!$E$5:$E$19,MATCH(J5,'В08 Каталог'!$B$5:$B$19,0)),"")) | N5: =IF(J5="","",IFERROR(INDEX('В08 Каталог'!$C$5:$C$19,MATCH(J5,'В08 Каталог'!$B$5:$B$19,0)),""))
A6: 2 | B6: M1. Клієнт і картка ↔ POS-термінал на касі (зчитувач картки, ПІН-клавіатура) | C6: операція за карткою | D6: R — відмова від дій | E6: Клієнт заперечує операцію, а журналу з точним часом немає — банк не доведе, що операцію проведено | F6: організаційна | G6: 2 | H6: Персонал і процеси | J6: ЛР10. Syslog, NTP і моніторинг (лише виявляє) | K6: Syslog-сервер у зоні керування, NTP на маршрутизаторі й терміналах | L6: =IF(I6<>"Так","",IF(J6="","Оберіть захід",IF(K6="","Вкажіть, де в мережі",IF(D6="","Оберіть літеру STRIDE",IF(F6="","Вкажіть природу",IF(AND(INDEX('В08 Каталог'!$C$5:$C$19,MATCH(J6,'В08 Каталог'!$B$5:$B$19,0))="Лабораторна",F6="фізична",INDEX('В08 Каталог'!$A$5:$A$19,MATCH(J6,'В08 Каталог'!$B$5:$B$19,0))<>"L10"),"Мережевий захід не закриває фізичну загрозу",IF(AND(INDEX('В08 Каталог'!$C$5:$C$19,MATCH(J6,'В08 Каталог'!$B$5:$B$19,0))="Лабораторна",ISERROR(SEARCH(LEFT(D6,1),INDEX('В08 Каталог'!$D$5:$D$19,MATCH(J6,'В08 Каталог'!$B$5:$B$19,0))))),"Захід не діє на цей тип загрози",IF(AND(INDEX('В08 Каталог'!$C$5:$C$19,MATCH(J6,'В08 Каталог'!$B$5:$B$19,0))="Поза курсом",F6="мережева"),"Для мережевої загрози потрібен захід з лабораторних","ОК")))))))) | M6: =IF(J6="","",IFERROR(INDEX('В08 Каталог'!$E$5:$E$19,MATCH(J6,'В08 Каталог'!$B$5:$B$19,0)),"")) | N6: =IF(J6="","",IFERROR(INDEX('В08 Каталог'!$C$5:$C$19,MATCH(J6,'В08 Каталог'!$B$5:$B$19,0)),""))
A7: 3 | B7: M2. POS-термінал ↔ Wi-Fi відділення (радіоефір доступний будь-кому поблизу) | C7: платіжне повідомлення POS | D7: S — підміна | E7: Сторонній пристрій підключається до Wi-Fi за спільним паролем і видає себе за POS-термінал | F7: мережева | G7: 3 | H7: Мережа/ІТ | I7: Так | J7: ЛР8. Окремий VLAN для пристроїв і захищена Wi-Fi (WPA2) | K7: Точки доступу: окремий SSID і VLAN для POS з WPA2-Enterprise (вхід за сертифікатом), гості — окремо | L7: =IF(I7<>"Так","",IF(J7="","Оберіть захід",IF(K7="","Вкажіть, де в мережі",IF(D7="","Оберіть літеру STRIDE",IF(F7="","Вкажіть природу",IF(AND(INDEX('В08 Каталог'!$C$5:$C$19,MATCH(J7,'В08 Каталог'!$B$5:$B$19,0))="Лабораторна",F7="фізична",INDEX('В08 Каталог'!$A$5:$A$19,MATCH(J7,'В08 Каталог'!$B$5:$B$19,0))<>"L10"),"Мережевий захід не закриває фізичну загрозу",IF(AND(INDEX('В08 Каталог'!$C$5:$C$19,MATCH(J7,'В08 Каталог'!$B$5:$B$19,0))="Лабораторна",ISERROR(SEARCH(LEFT(D7,1),INDEX('В08 Каталог'!$D$5:$D$19,MATCH(J7,'В08 Каталог'!$B$5:$B$19,0))))),"Захід не діє на цей тип загрози",IF(AND(INDEX('В08 Каталог'!$C$5:$C$19,MATCH(J7,'В08 Каталог'!$B$5:$B$19,0))="Поза курсом",F7="мережева"),"Для мережевої загрози потрібен захід з лабораторних","ОК")))))))) | M7: =IF(J7="","",IFERROR(INDEX('В08 Каталог'!$E$5:$E$19,MATCH(J7,'В08 Каталог'!$B$5:$B$19,0)),"")) | N7: =IF(J7="","",IFERROR(INDEX('В08 Каталог'!$C$5:$C$19,MATCH(J7,'В08 Каталог'!$B$5:$B$19,0)),""))
A8: 4 | B8: M2. POS-термінал ↔ Wi-Fi відділення (радіоефір доступний будь-кому поблизу) | C8: платіжне повідомлення POS | D8: I — витік | E8: Зловмисник у залі перехоплює радіотрафік POS (WPA2-PSK, ключ знають і інші) і читає дані транзакцій | F8: мережева | G8: 3 | H8: Мережа/ІТ | I8: Так | J8: ЛР8. Окремий VLAN для пристроїв і захищена Wi-Fi (WPA2) | K8: Точки доступу: WPA2-Enterprise для VLAN POS, окремий ключ на кожен пристрій | L8: =IF(I8<>"Так","",IF(J8="","Оберіть захід",IF(K8="","Вкажіть, де в мережі",IF(D8="","Оберіть літеру STRIDE",IF(F8="","Вкажіть природу",IF(AND(INDEX('В08 Каталог'!$C$5:$C$19,MATCH(J8,'В08 Каталог'!$B$5:$B$19,0))="Лабораторна",F8="фізична",INDEX('В08 Каталог'!$A$5:$A$19,MATCH(J8,'В08 Каталог'!$B$5:$B$19,0))<>"L10"),"Мережевий захід не закриває фізичну загрозу",IF(AND(INDEX('В08 Каталог'!$C$5:$C$19,MATCH(J8,'В08 Каталог'!$B$5:$B$19,0))="Лабораторна",ISERROR(SEARCH(LEFT(D8,1),INDEX('В08 Каталог'!$D$5:$D$19,MATCH(J8,'В08 Каталог'!$B$5:$B$19,0))))),"Захід не діє на цей тип загрози",IF(AND(INDEX('В08 Каталог'!$C$5:$C$19,MATCH(J8,'В08 Каталог'!$B$5:$B$19,0))="Поза курсом",F8="мережева"),"Для мережевої загрози потрібен захід з лабораторних","ОК")))))))) | M8: =IF(J8="","",IFERROR(INDEX('В08 Каталог'!$E$5:$E$19,MATCH(J8,'В08 Каталог'!$B$5:$B$19,0)),"")) | N8: =IF(J8="","",IFERROR(INDEX('В08 Каталог'!$C$5:$C$19,MATCH(J8,'В08 Каталог'!$B$5:$B$19,0)),""))
A9: 5 | B9: M2. POS-термінал ↔ Wi-Fi відділення (радіоефір доступний будь-кому поблизу) | C9: зв'язок POS із мережею | D9: D — відмова в обслуговуванні | E9: Глушіння або деавтентифікація Wi-Fi — POS на касі перестає приймати картки | F9: фізична | G9: 2 | H9: Живлення і зв'язок | J9: Поза курсом: резервний канал і угода про рівень обслуговування | K9: Каса: резервне дротове підключення POS до комутатора на випадок збою Wi-Fi | L9: =IF(I9<>"Так","",IF(J9="","Оберіть захід",IF(K9="","Вкажіть, де в мережі",IF(D9="","Оберіть літеру STRIDE",IF(F9="","Вкажіть природу",IF(AND(INDEX('В08 Каталог'!$C$5:$C$19,MATCH(J9,'В08 Каталог'!$B$5:$B$19,0))="Лабораторна",F9="фізична",INDEX('В08 Каталог'!$A$5:$A$19,MATCH(J9,'В08 Каталог'!$B$5:$B$19,0))<>"L10"),"Мережевий захід не закриває фізичну загрозу",IF(AND(INDEX('В08 Каталог'!$C$5:$C$19,MATCH(J9,'В08 Каталог'!$B$5:$B$19,0))="Лабораторна",ISERROR(SEARCH(LEFT(D9,1),INDEX('В08 Каталог'!$D$5:$D$19,MATCH(J9,'В08 Каталог'!$B$5:$B$19,0))))),"Захід не діє на цей тип загрози",IF(AND(INDEX('В08 Каталог'!$C$5:$C$19,MATCH(J9,'В08 Каталог'!$B$5:$B$19,0))="Поза курсом",F9="мережева"),"Для мережевої загрози потрібен захід з лабораторних","ОК")))))))) | M9: =IF(J9="","",IFERROR(INDEX('В08 Каталог'!$E$5:$E$19,MATCH(J9,'В08 Каталог'!$B$5:$B$19,0)),"")) | N9: =IF(J9="","",IFERROR(INDEX('В08 Каталог'!$C$5:$C$19,MATCH(J9,'В08 Каталог'!$B$5:$B$19,0)),""))
A10: 6 | B10: M3. Точки доступу Wi-Fi ↔ дротова мережа відділення (комутатори, каси, АБС) | C10: доступ до дротової мережі | D10: E — підвищення прав | E10: Гість або сторонній пристрій із Wi-Fi потрапляє в плоску мережу й отримує доступ до кас і терміналів АБС | F10: мережева | G10: 3 | H10: Мережа/ІТ | I10: Так | J10: ЛР1. Сегментація VLAN і маршрутизація між ними | K10: Комутатор доступу: VLAN POS / каси / гості, маршрутизація між VLAN лише через маршрутизатор з ACL | L10: =IF(I10<>"Так","",IF(J10="","Оберіть захід",IF(K10="","Вкажіть, де в мережі",IF(D10="","Оберіть літеру STRIDE",IF(F10="","Вкажіть природу",IF(AND(INDEX('В08 Каталог'!$C$5:$C$19,MATCH(J10,'В08 Каталог'!$B$5:$B$19,0))="Лабораторна",F10="фізична",INDEX('В08 Каталог'!$A$5:$A$19,MATCH(J10,'В08 Каталог'!$B$5:$B$19,0))<>"L10"),"Мережевий захід не закриває фізичну загрозу",IF(AND(INDEX('В08 Каталог'!$C$5:$C$19,MATCH(J10,'В08 Каталог'!$B$5:$B$19,0))="Лабораторна",ISERROR(SEARCH(LEFT(D10,1),INDEX('В08 Каталог'!$D$5:$D$19,MATCH(J10,'В08 Каталог'!$B$5:$B$19,0))))),"Захід не діє на цей тип загрози",IF(AND(INDEX('В08 Каталог'!$C$5:$C$19,MATCH(J10,'В08 Каталог'!$B$5:$B$19,0))="Поза курсом",F10="мережева"),"Для мережевої загрози потрібен захід з лабораторних","ОК")))))))) | M10: =IF(J10="","",IFERROR(INDEX('В08 Каталог'!$E$5:$E$19,MATCH(J10,'В08 Каталог'!$B$5:$B$19,0)),"")) | N10: =IF(J10="","",IFERROR(INDEX('В08 Каталог'!$C$5:$C$19,MATCH(J10,'В08 Каталог'!$B$5:$B$19,0)),""))
A11: 7 | B11: M3. Точки доступу Wi-Fi ↔ дротова мережа відділення (комутатори, каси, АБС) | C11: мережеві налаштування POS | D11: S — підміна | E11: Підроблений DHCP-сервер роздає свій шлюз, і трафік POS іде через пристрій зловмисника | F11: мережева | G11: 2 | H11: Мережа/ІТ | J11: ЛР3. DHCP Snooping | K11: Комутатори: DHCP Snooping, довірений лише порт до маршрутизатора | L11: =IF(I11<>"Так","",IF(J11="","Оберіть захід",IF(K11="","Вкажіть, де в мережі",IF(D11="","Оберіть літеру STRIDE",IF(F11="","Вкажіть природу",IF(AND(INDEX('В08 Каталог'!$C$5:$C$19,MATCH(J11,'В08 Каталог'!$B$5:$B$19,0))="Лабораторна",F11="фізична",INDEX('В08 Каталог'!$A$5:$A$19,MATCH(J11,'В08 Каталог'!$B$5:$B$19,0))<>"L10"),"Мережевий захід не закриває фізичну загрозу",IF(AND(INDEX('В08 Каталог'!$C$5:$C$19,MATCH(J11,'В08 Каталог'!$B$5:$B$19,0))="Лабораторна",ISERROR(SEARCH(LEFT(D11,1),INDEX('В08 Каталог'!$D$5:$D$19,MATCH(J11,'В08 Каталог'!$B$5:$B$19,0))))),"Захід не діє на цей тип загрози",IF(AND(INDEX('В08 Каталог'!$C$5:$C$19,MATCH(J11,'В08 Каталог'!$B$5:$B$19,0))="Поза курсом",F11="мережева"),"Для мережевої загрози потрібен захід з лабораторних","ОК")))))))) | M11: =IF(J11="","",IFERROR(INDEX('В08 Каталог'!$E$5:$E$19,MATCH(J11,'В08 Каталог'!$B$5:$B$19,0)),"")) | N11: =IF(J11="","",IFERROR(INDEX('В08 Каталог'!$C$5:$C$19,MATCH(J11,'В08 Каталог'!$B$5:$B$19,0)),""))
A12: 8 | B12: M3. Точки доступу Wi-Fi ↔ дротова мережа відділення (комутатори, каси, АБС) | C12: платіжне повідомлення POS | D12: T — зміна даних | E12: Атака «людина посередині» в мережі відділення змінює повідомлення POS дорогою до маршрутизатора | F12: мережева | G12: 2 | H12: Шахрайство з картками | J12: ЛР3. DHCP Snooping | K12: Комутатори: DHCP Snooping + перевірка ARP на портах доступу | L12: =IF(I12<>"Так","",IF(J12="","Оберіть захід",IF(K12="","Вкажіть, де в мережі",IF(D12="","Оберіть літеру STRIDE",IF(F12="","Вкажіть природу",IF(AND(INDEX('В08 Каталог'!$C$5:$C$19,MATCH(J12,'В08 Каталог'!$B$5:$B$19,0))="Лабораторна",F12="фізична",INDEX('В08 Каталог'!$A$5:$A$19,MATCH(J12,'В08 Каталог'!$B$5:$B$19,0))<>"L10"),"Мережевий захід не закриває фізичну загрозу",IF(AND(INDEX('В08 Каталог'!$C$5:$C$19,MATCH(J12,'В08 Каталог'!$B$5:$B$19,0))="Лабораторна",ISERROR(SEARCH(LEFT(D12,1),INDEX('В08 Каталог'!$D$5:$D$19,MATCH(J12,'В08 Каталог'!$B$5:$B$19,0))))),"Захід не діє на цей тип загрози",IF(AND(INDEX('В08 Каталог'!$C$5:$C$19,MATCH(J12,'В08 Каталог'!$B$5:$B$19,0))="Поза курсом",F12="мережева"),"Для мережевої загрози потрібен захід з лабораторних","ОК")))))))) | M12: =IF(J12="","",IFERROR(INDEX('В08 Каталог'!$E$5:$E$19,MATCH(J12,'В08 Каталог'!$B$5:$B$19,0)),"")) | N12: =IF(J12="","",IFERROR(INDEX('В08 Каталог'!$C$5:$C$19,MATCH(J12,'В08 Каталог'!$B$5:$B$19,0)),""))
A13: 9 | B13: M4. Маршрутизатор відділення ↔ виділена лінія оператора до головного офісу | C13: платіжне повідомлення | D13: I — витік | E13: Хтось на боці оператора або з доступом до лінії читає незашифрований платіжний трафік | F13: мережева | G13: 3 | H13: Мережа/ІТ | I13: Так | J13: ЛР7. IPsec VPN між відділенням і головним офісом | K13: Маршрутизатор відділення ↔ маршрутизатор ГО: IPsec-тунель поверх виділеної лінії | L13: =IF(I13<>"Так","",IF(J13="","Оберіть захід",IF(K13="","Вкажіть, де в мережі",IF(D13="","Оберіть літеру STRIDE",IF(F13="","Вкажіть природу",IF(AND(INDEX('В08 Каталог'!$C$5:$C$19,MATCH(J13,'В08 Каталог'!$B$5:$B$19,0))="Лабораторна",F13="фізична",INDEX('В08 Каталог'!$A$5:$A$19,MATCH(J13,'В08 Каталог'!$B$5:$B$19,0))<>"L10"),"Мережевий захід не закриває фізичну загрозу",IF(AND(INDEX('В08 Каталог'!$C$5:$C$19,MATCH(J13,'В08 Каталог'!$B$5:$B$19,0))="Лабораторна",ISERROR(SEARCH(LEFT(D13,1),INDEX('В08 Каталог'!$D$5:$D$19,MATCH(J13,'В08 Каталог'!$B$5:$B$19,0))))),"Захід не діє на цей тип загрози",IF(AND(INDEX('В08 Каталог'!$C$5:$C$19,MATCH(J13,'В08 Каталог'!$B$5:$B$19,0))="Поза курсом",F13="мережева"),"Для мережевої загрози потрібен захід з лабораторних","ОК")))))))) | M13: =IF(J13="","",IFERROR(INDEX('В08 Каталог'!$E$5:$E$19,MATCH(J13,'В08 Каталог'!$B$5:$B$19,0)),"")) | N13: =IF(J13="","",IFERROR(INDEX('В08 Каталог'!$C$5:$C$19,MATCH(J13,'В08 Каталог'!$B$5:$B$19,0)),""))
A14: 10 | B14: M4. Маршрутизатор відділення ↔ виділена лінія оператора до головного офісу | C14: зв'язок відділення з ГО | D14: D — відмова в обслуговуванні | E14: Обрив виділеної лінії — жодна операція з POS не проходить до шлюзу | F14: фізична | G14: 2 | H14: Живлення і зв'язок | J14: Поза курсом: резервний канал і угода про рівень обслуговування | K14: Маршрутизатор: резервний LTE-канал і SLA з оператором | L14: =IF(I14<>"Так","",IF(J14="","Оберіть захід",IF(K14="","Вкажіть, де в мережі",IF(D14="","Оберіть літеру STRIDE",IF(F14="","Вкажіть природу",IF(AND(INDEX('В08 Каталог'!$C$5:$C$19,MATCH(J14,'В08 Каталог'!$B$5:$B$19,0))="Лабораторна",F14="фізична",INDEX('В08 Каталог'!$A$5:$A$19,MATCH(J14,'В08 Каталог'!$B$5:$B$19,0))<>"L10"),"Мережевий захід не закриває фізичну загрозу",IF(AND(INDEX('В08 Каталог'!$C$5:$C$19,MATCH(J14,'В08 Каталог'!$B$5:$B$19,0))="Лабораторна",ISERROR(SEARCH(LEFT(D14,1),INDEX('В08 Каталог'!$D$5:$D$19,MATCH(J14,'В08 Каталог'!$B$5:$B$19,0))))),"Захід не діє на цей тип загрози",IF(AND(INDEX('В08 Каталог'!$C$5:$C$19,MATCH(J14,'В08 Каталог'!$B$5:$B$19,0))="Поза курсом",F14="мережева"),"Для мережевої загрози потрібен захід з лабораторних","ОК")))))))) | M14: =IF(J14="","",IFERROR(INDEX('В08 Каталог'!$E$5:$E$19,MATCH(J14,'В08 Каталог'!$B$5:$B$19,0)),"")) | N14: =IF(J14="","",IFERROR(INDEX('В08 Каталог'!$C$5:$C$19,MATCH(J14,'В08 Каталог'!$B$5:$B$19,0)),""))
A15: 11 | B15: M5. Головний офіс ↔ платіжний шлюз і АБС у центрі обробки | C15: запит до шлюзу й АБС | D15: S — підміна | E15: Зламаний ПК відділення надсилає до шлюзу/АБС запити від імені POS — фальшиві операції | F15: мережева | G15: 3 | H15: Мережа/ІТ | I15: Так | J15: ЛР5. Міжмережевий екран ASA: зони й NAT | K15: Міжмережевий екран ASA на виході відділення: до шлюзу дозволено лише з VLAN POS | L15: =IF(I15<>"Так","",IF(J15="","Оберіть захід",IF(K15="","Вкажіть, де в мережі",IF(D15="","Оберіть літеру STRIDE",IF(F15="","Вкажіть природу",IF(AND(INDEX('В08 Каталог'!$C$5:$C$19,MATCH(J15,'В08 Каталог'!$B$5:$B$19,0))="Лабораторна",F15="фізична",INDEX('В08 Каталог'!$A$5:$A$19,MATCH(J15,'В08 Каталог'!$B$5:$B$19,0))<>"L10"),"Мережевий захід не закриває фізичну загрозу",IF(AND(INDEX('В08 Каталог'!$C$5:$C$19,MATCH(J15,'В08 Каталог'!$B$5:$B$19,0))="Лабораторна",ISERROR(SEARCH(LEFT(D15,1),INDEX('В08 Каталог'!$D$5:$D$19,MATCH(J15,'В08 Каталог'!$B$5:$B$19,0))))),"Захід не діє на цей тип загрози",IF(AND(INDEX('В08 Каталог'!$C$5:$C$19,MATCH(J15,'В08 Каталог'!$B$5:$B$19,0))="Поза курсом",F15="мережева"),"Для мережевої загрози потрібен захід з лабораторних","ОК")))))))) | M15: =IF(J15="","",IFERROR(INDEX('В08 Каталог'!$E$5:$E$19,MATCH(J15,'В08 Каталог'!$B$5:$B$19,0)),"")) | N15: =IF(J15="","",IFERROR(INDEX('В08 Каталог'!$C$5:$C$19,MATCH(J15,'В08 Каталог'!$B$5:$B$19,0)),""))
A16: 12 | B16: M5. Головний офіс ↔ платіжний шлюз і АБС у центрі обробки | C16: платіжне повідомлення | D16: T — зміна даних | E16: Зміна суми чи реквізитів платіжного повідомлення між відділенням і шлюзом — гроші йдуть шахраю | F16: мережева | G16: 3 | H16: Шахрайство з картками | I16: Так | J16: ЛР7. IPsec VPN між відділенням і головним офісом | K16: IPsec (ESP з контролем цілісності) між маршрутизатором відділення і ГО | L16: =IF(I16<>"Так","",IF(J16="","Оберіть захід",IF(K16="","Вкажіть, де в мережі",IF(D16="","Оберіть літеру STRIDE",IF(F16="","Вкажіть природу",IF(AND(INDEX('В08 Каталог'!$C$5:$C$19,MATCH(J16,'В08 Каталог'!$B$5:$B$19,0))="Лабораторна",F16="фізична",INDEX('В08 Каталог'!$A$5:$A$19,MATCH(J16,'В08 Каталог'!$B$5:$B$19,0))<>"L10"),"Мережевий захід не закриває фізичну загрозу",IF(AND(INDEX('В08 Каталог'!$C$5:$C$19,MATCH(J16,'В08 Каталог'!$B$5:$B$19,0))="Лабораторна",ISERROR(SEARCH(LEFT(D16,1),INDEX('В08 Каталог'!$D$5:$D$19,MATCH(J16,'В08 Каталог'!$B$5:$B$19,0))))),"Захід не діє на цей тип загрози",IF(AND(INDEX('В08 Каталог'!$C$5:$C$19,MATCH(J16,'В08 Каталог'!$B$5:$B$19,0))="Поза курсом",F16="мережева"),"Для мережевої загрози потрібен захід з лабораторних","ОК")))))))) | M16: =IF(J16="","",IFERROR(INDEX('В08 Каталог'!$E$5:$E$19,MATCH(J16,'В08 Каталог'!$B$5:$B$19,0)),"")) | N16: =IF(J16="","",IFERROR(INDEX('В08 Каталог'!$C$5:$C$19,MATCH(J16,'В08 Каталог'!$B$5:$B$19,0)),""))
A17: 13 | B17: M5. Головний офіс ↔ платіжний шлюз і АБС у центрі обробки | C17: журнали подій | D17: R — відмова від дій | E17: Шлюз і маршрутизатор не зберігають журналу — після шахрайства не відновити, хто і що зробив | F17: мережева | G17: 2 | H17: Персонал і процеси | J17: ЛР10. Syslog, NTP і моніторинг (лише виявляє) | K17: Syslog і NTP на маршрутизаторі та ASA, журнали в ГО | L17: =IF(I17<>"Так","",IF(J17="","Оберіть захід",IF(K17="","Вкажіть, де в мережі",IF(D17="","Оберіть літеру STRIDE",IF(F17="","Вкажіть природу",IF(AND(INDEX('В08 Каталог'!$C$5:$C$19,MATCH(J17,'В08 Каталог'!$B$5:$B$19,0))="Лабораторна",F17="фізична",INDEX('В08 Каталог'!$A$5:$A$19,MATCH(J17,'В08 Каталог'!$B$5:$B$19,0))<>"L10"),"Мережевий захід не закриває фізичну загрозу",IF(AND(INDEX('В08 Каталог'!$C$5:$C$19,MATCH(J17,'В08 Каталог'!$B$5:$B$19,0))="Лабораторна",ISERROR(SEARCH(LEFT(D17,1),INDEX('В08 Каталог'!$D$5:$D$19,MATCH(J17,'В08 Каталог'!$B$5:$B$19,0))))),"Захід не діє на цей тип загрози",IF(AND(INDEX('В08 Каталог'!$C$5:$C$19,MATCH(J17,'В08 Каталог'!$B$5:$B$19,0))="Поза курсом",F17="мережева"),"Для мережевої загрози потрібен захід з лабораторних","ОК")))))))) | M17: =IF(J17="","",IFERROR(INDEX('В08 Каталог'!$E$5:$E$19,MATCH(J17,'В08 Каталог'!$B$5:$B$19,0)),"")) | N17: =IF(J17="","",IFERROR(INDEX('В08 Каталог'!$C$5:$C$19,MATCH(J17,'В08 Каталог'!$B$5:$B$19,0)),""))
A18: 14 | B18: M6. Підрядник-інтегратор ↔ інтерфейси керування Wi-Fi і комутаторів | C18: керування комутаторами й Wi-Fi | D18: E — підвищення прав | E18: Підрядник має повні права на комутатори й Wi-Fi і може перевести POS у свій VLAN або вимкнути захист | F18: мережева | G18: 2 | H18: Персонал і процеси | J18: ЛР9. SSH, AAA і RADIUS, ролі адміністраторів | K18: Комутатори й контролер Wi-Fi: AAA/RADIUS, окрема роль підрядника лише з правами на Wi-Fi | L18: =IF(I18<>"Так","",IF(J18="","Оберіть захід",IF(K18="","Вкажіть, де в мережі",IF(D18="","Оберіть літеру STRIDE",IF(F18="","Вкажіть природу",IF(AND(INDEX('В08 Каталог'!$C$5:$C$19,MATCH(J18,'В08 Каталог'!$B$5:$B$19,0))="Лабораторна",F18="фізична",INDEX('В08 Каталог'!$A$5:$A$19,MATCH(J18,'В08 Каталог'!$B$5:$B$19,0))<>"L10"),"Мережевий захід не закриває фізичну загрозу",IF(AND(INDEX('В08 Каталог'!$C$5:$C$19,MATCH(J18,'В08 Каталог'!$B$5:$B$19,0))="Лабораторна",ISERROR(SEARCH(LEFT(D18,1),INDEX('В08 Каталог'!$D$5:$D$19,MATCH(J18,'В08 Каталог'!$B$5:$B$19,0))))),"Захід не діє на цей тип загрози",IF(AND(INDEX('В08 Каталог'!$C$5:$C$19,MATCH(J18,'В08 Каталог'!$B$5:$B$19,0))="Поза курсом",F18="мережева"),"Для мережевої загрози потрібен захід з лабораторних","ОК")))))))) | M18: =IF(J18="","",IFERROR(INDEX('В08 Каталог'!$E$5:$E$19,MATCH(J18,'В08 Каталог'!$B$5:$B$19,0)),"")) | N18: =IF(J18="","",IFERROR(INDEX('В08 Каталог'!$C$5:$C$19,MATCH(J18,'В08 Каталог'!$B$5:$B$19,0)),""))
A19: 15 | B19: M6. Підрядник-інтегратор ↔ інтерфейси керування Wi-Fi і комутаторів | C19: облікові дані адміністратора | D19: S — підміна | E19: Спільний пароль адміністратора лишається в підрядника й після договору — вхід від імені банку | F19: мережева | G19: 3 | H19: Мережа/ІТ | I19: Так | J19: ЛР9. SSH, AAA і RADIUS, ролі адміністраторів | K19: Усі мережеві пристрої: персональні облікові записи через RADIUS, лише SSH, блокування після договору | L19: =IF(I19<>"Так","",IF(J19="","Оберіть захід",IF(K19="","Вкажіть, де в мережі",IF(D19="","Оберіть літеру STRIDE",IF(F19="","Вкажіть природу",IF(AND(INDEX('В08 Каталог'!$C$5:$C$19,MATCH(J19,'В08 Каталог'!$B$5:$B$19,0))="Лабораторна",F19="фізична",INDEX('В08 Каталог'!$A$5:$A$19,MATCH(J19,'В08 Каталог'!$B$5:$B$19,0))<>"L10"),"Мережевий захід не закриває фізичну загрозу",IF(AND(INDEX('В08 Каталог'!$C$5:$C$19,MATCH(J19,'В08 Каталог'!$B$5:$B$19,0))="Лабораторна",ISERROR(SEARCH(LEFT(D19,1),INDEX('В08 Каталог'!$D$5:$D$19,MATCH(J19,'В08 Каталог'!$B$5:$B$19,0))))),"Захід не діє на цей тип загрози",IF(AND(INDEX('В08 Каталог'!$C$5:$C$19,MATCH(J19,'В08 Каталог'!$B$5:$B$19,0))="Поза курсом",F19="мережева"),"Для мережевої загрози потрібен захід з лабораторних","ОК")))))))) | M19: =IF(J19="","",IFERROR(INDEX('В08 Каталог'!$E$5:$E$19,MATCH(J19,'В08 Каталог'!$B$5:$B$19,0)),"")) | N19: =IF(J19="","",IFERROR(INDEX('В08 Каталог'!$C$5:$C$19,MATCH(J19,'В08 Каталог'!$B$5:$B$19,0)),""))
A20: 16 | B20: M6. Підрядник-інтегратор ↔ інтерфейси керування Wi-Fi і комутаторів | C20: дії підрядника | D20: R — відмова від дій | E20: Підрядник заперечує, що змінював конфігурацію, — немає ні журналу, ні регламенту робіт | F20: організаційна | G20: 2 | H20: Персонал і процеси | J20: Поза курсом: договір, регламент, журнал відвідувань підрядника | K20: Договір і регламент: заявка на кожен вхід, журнал відвідувань, супровід адміністратора банку | L20: =IF(I20<>"Так","",IF(J20="","Оберіть захід",IF(K20="","Вкажіть, де в мережі",IF(D20="","Оберіть літеру STRIDE",IF(F20="","Вкажіть природу",IF(AND(INDEX('В08 Каталог'!$C$5:$C$19,MATCH(J20,'В08 Каталог'!$B$5:$B$19,0))="Лабораторна",F20="фізична",INDEX('В08 Каталог'!$A$5:$A$19,MATCH(J20,'В08 Каталог'!$B$5:$B$19,0))<>"L10"),"Мережевий захід не закриває фізичну загрозу",IF(AND(INDEX('В08 Каталог'!$C$5:$C$19,MATCH(J20,'В08 Каталог'!$B$5:$B$19,0))="Лабораторна",ISERROR(SEARCH(LEFT(D20,1),INDEX('В08 Каталог'!$D$5:$D$19,MATCH(J20,'В08 Каталог'!$B$5:$B$19,0))))),"Захід не діє на цей тип загрози",IF(AND(INDEX('В08 Каталог'!$C$5:$C$19,MATCH(J20,'В08 Каталог'!$B$5:$B$19,0))="Поза курсом",F20="мережева"),"Для мережевої загрози потрібен захід з лабораторних","ОК")))))))) | M20: =IF(J20="","",IFERROR(INDEX('В08 Каталог'!$E$5:$E$19,MATCH(J20,'В08 Каталог'!$B$5:$B$19,0)),"")) | N20: =IF(J20="","",IFERROR(INDEX('В08 Каталог'!$C$5:$C$19,MATCH(J20,'В08 Каталог'!$B$5:$B$19,0)),""))
A21: 17 | L21: =IF(I21<>"Так","",IF(J21="","Оберіть захід",IF(K21="","Вкажіть, де в мережі",IF(D21="","Оберіть літеру STRIDE",IF(F21="","Вкажіть природу",IF(AND(INDEX('В08 Каталог'!$C$5:$C$19,MATCH(J21,'В08 Каталог'!$B$5:$B$19,0))="Лабораторна",F21="фізична",INDEX('В08 Каталог'!$A$5:$A$19,MATCH(J21,'В08 Каталог'!$B$5:$B$19,0))<>"L10"),"Мережевий захід не закриває фізичну загрозу",IF(AND(INDEX('В08 Каталог'!$C$5:$C$19,MATCH(J21,'В08 Каталог'!$B$5:$B$19,0))="Лабораторна",ISERROR(SEARCH(LEFT(D21,1),INDEX('В08 Каталог'!$D$5:$D$19,MATCH(J21,'В08 Каталог'!$B$5:$B$19,0))))),"Захід не діє на цей тип загрози",IF(AND(INDEX('В08 Каталог'!$C$5:$C$19,MATCH(J21,'В08 Каталог'!$B$5:$B$19,0))="Поза курсом",F21="мережева"),"Для мережевої загрози потрібен захід з лабораторних","ОК")))))))) | M21: =IF(J21="","",IFERROR(INDEX('В08 Каталог'!$E$5:$E$19,MATCH(J21,'В08 Каталог'!$B$5:$B$19,0)),"")) | N21: =IF(J21="","",IFERROR(INDEX('В08 Каталог'!$C$5:$C$19,MATCH(J21,'В08 Каталог'!$B$5:$B$19,0)),""))
A22: 18 | L22: =IF(I22<>"Так","",IF(J22="","Оберіть захід",IF(K22="","Вкажіть, де в мережі",IF(D22="","Оберіть літеру STRIDE",IF(F22="","Вкажіть природу",IF(AND(INDEX('В08 Каталог'!$C$5:$C$19,MATCH(J22,'В08 Каталог'!$B$5:$B$19,0))="Лабораторна",F22="фізична",INDEX('В08 Каталог'!$A$5:$A$19,MATCH(J22,'В08 Каталог'!$B$5:$B$19,0))<>"L10"),"Мережевий захід не закриває фізичну загрозу",IF(AND(INDEX('В08 Каталог'!$C$5:$C$19,MATCH(J22,'В08 Каталог'!$B$5:$B$19,0))="Лабораторна",ISERROR(SEARCH(LEFT(D22,1),INDEX('В08 Каталог'!$D$5:$D$19,MATCH(J22,'В08 Каталог'!$B$5:$B$19,0))))),"Захід не діє на цей тип загрози",IF(AND(INDEX('В08 Каталог'!$C$5:$C$19,MATCH(J22,'В08 Каталог'!$B$5:$B$19,0))="Поза курсом",F22="мережева"),"Для мережевої загрози потрібен захід з лабораторних","ОК")))))))) | M22: =IF(J22="","",IFERROR(INDEX('В08 Каталог'!$E$5:$E$19,MATCH(J22,'В08 Каталог'!$B$5:$B$19,0)),"")) | N22: =IF(J22="","",IFERROR(INDEX('В08 Каталог'!$C$5:$C$19,MATCH(J22,'В08 Каталог'!$B$5:$B$19,0)),""))
A23: 19 | L23: =IF(I23<>"Так","",IF(J23="","Оберіть захід",IF(K23="","Вкажіть, де в мережі",IF(D23="","Оберіть літеру STRIDE",IF(F23="","Вкажіть природу",IF(AND(INDEX('В08 Каталог'!$C$5:$C$19,MATCH(J23,'В08 Каталог'!$B$5:$B$19,0))="Лабораторна",F23="фізична",INDEX('В08 Каталог'!$A$5:$A$19,MATCH(J23,'В08 Каталог'!$B$5:$B$19,0))<>"L10"),"Мережевий захід не закриває фізичну загрозу",IF(AND(INDEX('В08 Каталог'!$C$5:$C$19,MATCH(J23,'В08 Каталог'!$B$5:$B$19,0))="Лабораторна",ISERROR(SEARCH(LEFT(D23,1),INDEX('В08 Каталог'!$D$5:$D$19,MATCH(J23,'В08 Каталог'!$B$5:$B$19,0))))),"Захід не діє на цей тип загрози",IF(AND(INDEX('В08 Каталог'!$C$5:$C$19,MATCH(J23,'В08 Каталог'!$B$5:$B$19,0))="Поза курсом",F23="мережева"),"Для мережевої загрози потрібен захід з лабораторних","ОК")))))))) | M23: =IF(J23="","",IFERROR(INDEX('В08 Каталог'!$E$5:$E$19,MATCH(J23,'В08 Каталог'!$B$5:$B$19,0)),"")) | N23: =IF(J23="","",IFERROR(INDEX('В08 Каталог'!$C$5:$C$19,MATCH(J23,'В08 Каталог'!$B$5:$B$19,0)),""))
A24: 20 | L24: =IF(I24<>"Так","",IF(J24="","Оберіть захід",IF(K24="","Вкажіть, де в мережі",IF(D24="","Оберіть літеру STRIDE",IF(F24="","Вкажіть природу",IF(AND(INDEX('В08 Каталог'!$C$5:$C$19,MATCH(J24,'В08 Каталог'!$B$5:$B$19,0))="Лабораторна",F24="фізична",INDEX('В08 Каталог'!$A$5:$A$19,MATCH(J24,'В08 Каталог'!$B$5:$B$19,0))<>"L10"),"Мережевий захід не закриває фізичну загрозу",IF(AND(INDEX('В08 Каталог'!$C$5:$C$19,MATCH(J24,'В08 Каталог'!$B$5:$B$19,0))="Лабораторна",ISERROR(SEARCH(LEFT(D24,1),INDEX('В08 Каталог'!$D$5:$D$19,MATCH(J24,'В08 Каталог'!$B$5:$B$19,0))))),"Захід не діє на цей тип загрози",IF(AND(INDEX('В08 Каталог'!$C$5:$C$19,MATCH(J24,'В08 Каталог'!$B$5:$B$19,0))="Поза курсом",F24="мережева"),"Для мережевої загрози потрібен захід з лабораторних","ОК")))))))) | M24: =IF(J24="","",IFERROR(INDEX('В08 Каталог'!$E$5:$E$19,MATCH(J24,'В08 Каталог'!$B$5:$B$19,0)),"")) | N24: =IF(J24="","",IFERROR(INDEX('В08 Каталог'!$C$5:$C$19,MATCH(J24,'В08 Каталог'!$B$5:$B$19,0)),""))
A25: 21 | L25: =IF(I25<>"Так","",IF(J25="","Оберіть захід",IF(K25="","Вкажіть, де в мережі",IF(D25="","Оберіть літеру STRIDE",IF(F25="","Вкажіть природу",IF(AND(INDEX('В08 Каталог'!$C$5:$C$19,MATCH(J25,'В08 Каталог'!$B$5:$B$19,0))="Лабораторна",F25="фізична",INDEX('В08 Каталог'!$A$5:$A$19,MATCH(J25,'В08 Каталог'!$B$5:$B$19,0))<>"L10"),"Мережевий захід не закриває фізичну загрозу",IF(AND(INDEX('В08 Каталог'!$C$5:$C$19,MATCH(J25,'В08 Каталог'!$B$5:$B$19,0))="Лабораторна",ISERROR(SEARCH(LEFT(D25,1),INDEX('В08 Каталог'!$D$5:$D$19,MATCH(J25,'В08 Каталог'!$B$5:$B$19,0))))),"Захід не діє на цей тип загрози",IF(AND(INDEX('В08 Каталог'!$C$5:$C$19,MATCH(J25,'В08 Каталог'!$B$5:$B$19,0))="Поза курсом",F25="мережева"),"Для мережевої загрози потрібен захід з лабораторних","ОК")))))))) | M25: =IF(J25="","",IFERROR(INDEX('В08 Каталог'!$E$5:$E$19,MATCH(J25,'В08 Каталог'!$B$5:$B$19,0)),"")) | N25: =IF(J25="","",IFERROR(INDEX('В08 Каталог'!$C$5:$C$19,MATCH(J25,'В08 Каталог'!$B$5:$B$19,0)),""))
A26: 22 | L26: =IF(I26<>"Так","",IF(J26="","Оберіть захід",IF(K26="","Вкажіть, де в мережі",IF(D26="","Оберіть літеру STRIDE",IF(F26="","Вкажіть природу",IF(AND(INDEX('В08 Каталог'!$C$5:$C$19,MATCH(J26,'В08 Каталог'!$B$5:$B$19,0))="Лабораторна",F26="фізична",INDEX('В08 Каталог'!$A$5:$A$19,MATCH(J26,'В08 Каталог'!$B$5:$B$19,0))<>"L10"),"Мережевий захід не закриває фізичну загрозу",IF(AND(INDEX('В08 Каталог'!$C$5:$C$19,MATCH(J26,'В08 Каталог'!$B$5:$B$19,0))="Лабораторна",ISERROR(SEARCH(LEFT(D26,1),INDEX('В08 Каталог'!$D$5:$D$19,MATCH(J26,'В08 Каталог'!$B$5:$B$19,0))))),"Захід не діє на цей тип загрози",IF(AND(INDEX('В08 Каталог'!$C$5:$C$19,MATCH(J26,'В08 Каталог'!$B$5:$B$19,0))="Поза курсом",F26="мережева"),"Для мережевої загрози потрібен захід з лабораторних","ОК")))))))) | M26: =IF(J26="","",IFERROR(INDEX('В08 Каталог'!$E$5:$E$19,MATCH(J26,'В08 Каталог'!$B$5:$B$19,0)),"")) | N26: =IF(J26="","",IFERROR(INDEX('В08 Каталог'!$C$5:$C$19,MATCH(J26,'В08 Каталог'!$B$5:$B$19,0)),""))
A27: 23 | L27: =IF(I27<>"Так","",IF(J27="","Оберіть захід",IF(K27="","Вкажіть, де в мережі",IF(D27="","Оберіть літеру STRIDE",IF(F27="","Вкажіть природу",IF(AND(INDEX('В08 Каталог'!$C$5:$C$19,MATCH(J27,'В08 Каталог'!$B$5:$B$19,0))="Лабораторна",F27="фізична",INDEX('В08 Каталог'!$A$5:$A$19,MATCH(J27,'В08 Каталог'!$B$5:$B$19,0))<>"L10"),"Мережевий захід не закриває фізичну загрозу",IF(AND(INDEX('В08 Каталог'!$C$5:$C$19,MATCH(J27,'В08 Каталог'!$B$5:$B$19,0))="Лабораторна",ISERROR(SEARCH(LEFT(D27,1),INDEX('В08 Каталог'!$D$5:$D$19,MATCH(J27,'В08 Каталог'!$B$5:$B$19,0))))),"Захід не діє на цей тип загрози",IF(AND(INDEX('В08 Каталог'!$C$5:$C$19,MATCH(J27,'В08 Каталог'!$B$5:$B$19,0))="Поза курсом",F27="мережева"),"Для мережевої загрози потрібен захід з лабораторних","ОК")))))))) | M27: =IF(J27="","",IFERROR(INDEX('В08 Каталог'!$E$5:$E$19,MATCH(J27,'В08 Каталог'!$B$5:$B$19,0)),"")) | N27: =IF(J27="","",IFERROR(INDEX('В08 Каталог'!$C$5:$C$19,MATCH(J27,'В08 Каталог'!$B$5:$B$19,0)),""))
A28: 24 | L28: =IF(I28<>"Так","",IF(J28="","Оберіть захід",IF(K28="","Вкажіть, де в мережі",IF(D28="","Оберіть літеру STRIDE",IF(F28="","Вкажіть природу",IF(AND(INDEX('В08 Каталог'!$C$5:$C$19,MATCH(J28,'В08 Каталог'!$B$5:$B$19,0))="Лабораторна",F28="фізична",INDEX('В08 Каталог'!$A$5:$A$19,MATCH(J28,'В08 Каталог'!$B$5:$B$19,0))<>"L10"),"Мережевий захід не закриває фізичну загрозу",IF(AND(INDEX('В08 Каталог'!$C$5:$C$19,MATCH(J28,'В08 Каталог'!$B$5:$B$19,0))="Лабораторна",ISERROR(SEARCH(LEFT(D28,1),INDEX('В08 Каталог'!$D$5:$D$19,MATCH(J28,'В08 Каталог'!$B$5:$B$19,0))))),"Захід не діє на цей тип загрози",IF(AND(INDEX('В08 Каталог'!$C$5:$C$19,MATCH(J28,'В08 Каталог'!$B$5:$B$19,0))="Поза курсом",F28="мережева"),"Для мережевої загрози потрібен захід з лабораторних","ОК")))))))) | M28: =IF(J28="","",IFERROR(INDEX('В08 Каталог'!$E$5:$E$19,MATCH(J28,'В08 Каталог'!$B$5:$B$19,0)),"")) | N28: =IF(J28="","",IFERROR(INDEX('В08 Каталог'!$C$5:$C$19,MATCH(J28,'В08 Каталог'!$B$5:$B$19,0)),""))
A29: 25 | L29: =IF(I29<>"Так","",IF(J29="","Оберіть захід",IF(K29="","Вкажіть, де в мережі",IF(D29="","Оберіть літеру STRIDE",IF(F29="","Вкажіть природу",IF(AND(INDEX('В08 Каталог'!$C$5:$C$19,MATCH(J29,'В08 Каталог'!$B$5:$B$19,0))="Лабораторна",F29="фізична",INDEX('В08 Каталог'!$A$5:$A$19,MATCH(J29,'В08 Каталог'!$B$5:$B$19,0))<>"L10"),"Мережевий захід не закриває фізичну загрозу",IF(AND(INDEX('В08 Каталог'!$C$5:$C$19,MATCH(J29,'В08 Каталог'!$B$5:$B$19,0))="Лабораторна",ISERROR(SEARCH(LEFT(D29,1),INDEX('В08 Каталог'!$D$5:$D$19,MATCH(J29,'В08 Каталог'!$B$5:$B$19,0))))),"Захід не діє на цей тип загрози",IF(AND(INDEX('В08 Каталог'!$C$5:$C$19,MATCH(J29,'В08 Каталог'!$B$5:$B$19,0))="Поза курсом",F29="мережева"),"Для мережевої загрози потрібен захід з лабораторних","ОК")))))))) | M29: =IF(J29="","",IFERROR(INDEX('В08 Каталог'!$E$5:$E$19,MATCH(J29,'В08 Каталог'!$B$5:$B$19,0)),"")) | N29: =IF(J29="","",IFERROR(INDEX('В08 Каталог'!$C$5:$C$19,MATCH(J29,'В08 Каталог'!$B$5:$B$19,0)),""))
A30: 26 | L30: =IF(I30<>"Так","",IF(J30="","Оберіть захід",IF(K30="","Вкажіть, де в мережі",IF(D30="","Оберіть літеру STRIDE",IF(F30="","Вкажіть природу",IF(AND(INDEX('В08 Каталог'!$C$5:$C$19,MATCH(J30,'В08 Каталог'!$B$5:$B$19,0))="Лабораторна",F30="фізична",INDEX('В08 Каталог'!$A$5:$A$19,MATCH(J30,'В08 Каталог'!$B$5:$B$19,0))<>"L10"),"Мережевий захід не закриває фізичну загрозу",IF(AND(INDEX('В08 Каталог'!$C$5:$C$19,MATCH(J30,'В08 Каталог'!$B$5:$B$19,0))="Лабораторна",ISERROR(SEARCH(LEFT(D30,1),INDEX('В08 Каталог'!$D$5:$D$19,MATCH(J30,'В08 Каталог'!$B$5:$B$19,0))))),"Захід не діє на цей тип загрози",IF(AND(INDEX('В08 Каталог'!$C$5:$C$19,MATCH(J30,'В08 Каталог'!$B$5:$B$19,0))="Поза курсом",F30="мережева"),"Для мережевої загрози потрібен захід з лабораторних","ОК")))))))) | M30: =IF(J30="","",IFERROR(INDEX('В08 Каталог'!$E$5:$E$19,MATCH(J30,'В08 Каталог'!$B$5:$B$19,0)),"")) | N30: =IF(J30="","",IFERROR(INDEX('В08 Каталог'!$C$5:$C$19,MATCH(J30,'В08 Каталог'!$B$5:$B$19,0)),""))
A31: 27 | L31: =IF(I31<>"Так","",IF(J31="","Оберіть захід",IF(K31="","Вкажіть, де в мережі",IF(D31="","Оберіть літеру STRIDE",IF(F31="","Вкажіть природу",IF(AND(INDEX('В08 Каталог'!$C$5:$C$19,MATCH(J31,'В08 Каталог'!$B$5:$B$19,0))="Лабораторна",F31="фізична",INDEX('В08 Каталог'!$A$5:$A$19,MATCH(J31,'В08 Каталог'!$B$5:$B$19,0))<>"L10"),"Мережевий захід не закриває фізичну загрозу",IF(AND(INDEX('В08 Каталог'!$C$5:$C$19,MATCH(J31,'В08 Каталог'!$B$5:$B$19,0))="Лабораторна",ISERROR(SEARCH(LEFT(D31,1),INDEX('В08 Каталог'!$D$5:$D$19,MATCH(J31,'В08 Каталог'!$B$5:$B$19,0))))),"Захід не діє на цей тип загрози",IF(AND(INDEX('В08 Каталог'!$C$5:$C$19,MATCH(J31,'В08 Каталог'!$B$5:$B$19,0))="Поза курсом",F31="мережева"),"Для мережевої загрози потрібен захід з лабораторних","ОК")))))))) | M31: =IF(J31="","",IFERROR(INDEX('В08 Каталог'!$E$5:$E$19,MATCH(J31,'В08 Каталог'!$B$5:$B$19,0)),"")) | N31: =IF(J31="","",IFERROR(INDEX('В08 Каталог'!$C$5:$C$19,MATCH(J31,'В08 Каталог'!$B$5:$B$19,0)),""))
A32: 28 | L32: =IF(I32<>"Так","",IF(J32="","Оберіть захід",IF(K32="","Вкажіть, де в мережі",IF(D32="","Оберіть літеру STRIDE",IF(F32="","Вкажіть природу",IF(AND(INDEX('В08 Каталог'!$C$5:$C$19,MATCH(J32,'В08 Каталог'!$B$5:$B$19,0))="Лабораторна",F32="фізична",INDEX('В08 Каталог'!$A$5:$A$19,MATCH(J32,'В08 Каталог'!$B$5:$B$19,0))<>"L10"),"Мережевий захід не закриває фізичну загрозу",IF(AND(INDEX('В08 Каталог'!$C$5:$C$19,MATCH(J32,'В08 Каталог'!$B$5:$B$19,0))="Лабораторна",ISERROR(SEARCH(LEFT(D32,1),INDEX('В08 Каталог'!$D$5:$D$19,MATCH(J32,'В08 Каталог'!$B$5:$B$19,0))))),"Захід не діє на цей тип загрози",IF(AND(INDEX('В08 Каталог'!$C$5:$C$19,MATCH(J32,'В08 Каталог'!$B$5:$B$19,0))="Поза курсом",F32="мережева"),"Для мережевої загрози потрібен захід з лабораторних","ОК")))))))) | M32: =IF(J32="","",IFERROR(INDEX('В08 Каталог'!$E$5:$E$19,MATCH(J32,'В08 Каталог'!$B$5:$B$19,0)),"")) | N32: =IF(J32="","",IFERROR(INDEX('В08 Каталог'!$C$5:$C$19,MATCH(J32,'В08 Каталог'!$B$5:$B$19,0)),""))
... A34: 30 | L34: =IF(I34<>"Так","",IF(J34="","Оберіть захід",IF(K34="","Вкажіть, де в мережі",IF(D34="","Оберіть літеру STRIDE",IF(F34="","Вкажіть природу",IF(AND(INDEX('В08 Каталог'!$C$5:$C$19,MATCH(J34,'В08 Каталог'!$B$5:$B$19,0))="Лабораторна",F34="фізична",INDEX('В08 Каталог'!$A$5:$A$19,MATCH(J34,'В08 Каталог'!$B$5:$B$19,0))<>"L10"),"Мережевий захід не закриває фізичну загрозу",IF(AND(INDEX('В08 Каталог'!$C$5:$C$19,MATCH(J34,'В08 Каталог'!$B$5:$B$19,0))="Лабораторна",ISERROR(SEARCH(LEFT(D34,1),INDEX('В08 Каталог'!$D$5:$D$19,MATCH(J34,'В08 Каталог'!$B$5:$B$19,0))))),"Захід не діє на цей тип загрози",IF(AND(INDEX('В08 Каталог'!$C$5:$C$19,MATCH(J34,'В08 Каталог'!$B$5:$B$19,0))="Поза курсом",F34="мережева"),"Для мережевої загрози потрібен захід з лабораторних","ОК")))))))) | M34: =IF(J34="","",IFERROR(INDEX('В08 Каталог'!$E$5:$E$19,MATCH(J34,'В08 Каталог'!$B$5:$B$19,0)),"")) | N34: =IF(J34="","",IFERROR(INDEX('В08 Каталог'!$C$5:$C$19,MATCH(J34,'В08 Каталог'!$B$5:$B$19,0)),""))

Sheet В08 Підсумок
A1: Підсумок і самоперевірка
A4: Загроз у таблиці | B4: =COUNTA('В08 Загрози і заходи'!E5:E34) | C4: =IF(B4>=12,"достатньо","потрібно щонайменше 12")
A5: Загроз на межі M1 | B5: =COUNTIF('В08 Загрози і заходи'!B5:B34,"M1*") | C5: =IF(B5>=1,"є","немає: поверніться до питання 2")
A6: Загроз на межі M2 | B6: =COUNTIF('В08 Загрози і заходи'!B5:B34,"M2*") | C6: =IF(B6>=1,"є","немає: поверніться до питання 2")
A7: Загроз на межі M3 | B7: =COUNTIF('В08 Загрози і заходи'!B5:B34,"M3*") | C7: =IF(B7>=1,"є","немає: поверніться до питання 2")
A8: Загроз на межі M4 | B8: =COUNTIF('В08 Загрози і заходи'!B5:B34,"M4*") | C8: =IF(B8>=1,"є","немає: поверніться до питання 2")
A9: Загроз на межі M5 | B9: =COUNTIF('В08 Загрози і заходи'!B5:B34,"M5*") | C9: =IF(B9>=1,"є","немає: поверніться до питання 2")
A10: Загроз на межі M6 | B10: =COUNTIF('В08 Загрози і заходи'!B5:B34,"M6*") | C10: =IF(B10>=1,"є","немає: поверніться до питання 2")
A11: Загроз типу S | B11: =COUNTIF('В08 Загрози і заходи'!D5:D34,"S —*") | C11: =IF(B11>=1,"є","немає: подумайте, які загрози типу S є на шляху")
A12: Загроз типу T | B12: =COUNTIF('В08 Загрози і заходи'!D5:D34,"T —*") | C12: =IF(B12>=1,"є","немає: подумайте, які загрози типу T є на шляху")
A13: Загроз типу R | B13: =COUNTIF('В08 Загрози і заходи'!D5:D34,"R —*") | C13: =IF(B13>=1,"є","немає: подумайте, які загрози типу R є на шляху")
A14: Загроз типу I | B14: =COUNTIF('В08 Загрози і заходи'!D5:D34,"I —*") | C14: =IF(B14>=1,"є","немає: подумайте, які загрози типу I є на шляху")
A15: Загроз типу D | B15: =COUNTIF('В08 Загрози і заходи'!D5:D34,"D —*") | C15: =IF(B15>=1,"є","немає: подумайте, які загрози типу D є на шляху")
A16: Загроз типу E | B16: =COUNTIF('В08 Загрози і заходи'!D5:D34,"E —*") | C16: =IF(B16>=1,"є","немає: подумайте, які загрози типу E є на шляху")
A17: Позначено «Топ-8» | B17: =COUNTIF('В08 Загрози і заходи'!I5:I34,"Так") | C17: =IF(B17=8,"рівно 8","має бути рівно 8")
A18: Топ-8: що не так у перевірці | B18: =SUMPRODUCT(('В08 Загрози і заходи'!I5:I34="Так")*('В08 Загрози і заходи'!L5:L34<>"ОК")) | C18: =IF(B18=0,"усе узгоджено","дивіться колонку «Перевірка»")
A19: З топ-8 не закриваються мережею (поза курсом) | B19: =COUNTIFS('В08 Загрози і заходи'!I5:I34,"Так",'В08 Загрози і заходи'!N5:N34,"Поза курсом") | C19: це нормально, якщо загроза фізична чи організаційна
A20: Нових загроз на межі M7 (після інжекту) | B20: =COUNTIF('В08 Загрози і заходи'!B5:B34,"M7*") | C20: =IF(B20>=2,"достатньо","потрібно щонайменше 2")

Sheet В08 Обґрунтування
A1: Обґрунтування вибору
A2: Пишіть власні пояснення для 2–3 загроз із топ-8 своїми словами (2–3 речення). Викладач може попросити пояснити їх усно.
A4: Хто (А/Б, прізвище) | B4: № загрози | C4: Чому така серйозність і чому саме ця межа | D4: Чому саме цей захід (і чому не інший), де він стоїть
A5: Кравченко | B5: 3 | C5: Серйозність 3: підмінений «POS» може надсилати фальшиві операції масово. Межа M2, бо саме радіоефір у залі — найдоступніше місце для сторонніх, а пароль Wi-Fi спільний. | D5: L8 (окремий VLAN і WPA2-Enterprise) працює на точках доступу: без сертифіката пристрій не потрапить у VLAN POS. Port Security (L2) не допоможе — він для дротових портів.
A6: Кравченко | B6: 15 | C6: Серйозність 3: підрядник адмініструє все мережеве обладнання, а спільний пароль після договору — це повний контроль над мережею відділення. Межа M6 — особливий учасник В08. | D6: L9: персональні облікові записи через RADIUS і лише SSH. Пароль не потрібно «забирати» в людини — досить вимкнути його обліковий запис. Договір (O2) цього не забезпечує технічно.
A7: Кравченко | B7: 1 | C7: Серйозність 3: скімер на касі копіює картки всіх клієнтів дня. Межа M1 — між карткою і POS. | D7: Загроза фізична, тому мережа тут безсила — обрано «Поза курсом» (пломби й огляд). Мережевий захід перевірка правильно відхиляє.
A12: Нова обставина: що сказано у файлі «Нова обставина» і що саме ви змінили (межа M7, нові рядки, зміни у схемі):
A13: КРОК 4 НЕ ВИКОНАНО: файл «ПР_2_Нова_обставина_Варіант_08» видає викладач у Teams після кроків 1–3; межу M7, нові загрози й слайд 2 буде додано після його отримання.
