Workbook

Sheet В08 Інструкція
A1: ПР 3. Проєкт мережі відділення: зони, VLAN, адреси. Варіант 08
A2: Працюйте в жовтих комірках. Сірі комірки рахуються самі (захищені). Схему зон малюйте в PowerPoint-файлі варіанта.
A4: Порядок роботи
A5: 1. Зони (питання 1) | B5: На аркуші «Пристрої» для кожної групи пристроїв оберіть зону. Колонка «Перевірка» підкаже, якщо тип пристрою не відповідає зоні. Для пристроїв «потребує рішення» вирішуйте самі й поясніть вибір на аркуші «Обґрунтування».
A6: 2. Підмережі (питання 2) | B6: На аркуші «Зони й адреси» для кожної зони порахуйте, скільки адрес потрібно з запасом на зростання, оберіть префікс (від /24 до /30) і VLAN. Рахуйте на папері або в калькуляторі: файл лише перевіряє результат.
A7: 3. Адресна таблиця (питання 3) | B7: Запишіть адресу мережі й шлюз кожної зони, native VLAN. Колонка «Перевірка» має показувати «ОК» для всіх зон.
A8: 4. Чернетка колеги | B8: На аркуші «Чернетка колеги» знайдіть три помилки й запишіть у журнал. До свого проєкту їх не переносьте.
A9: 5. Нова обставина | B9: Коли завершите кроки 1–3, відкрийте окремий файл «Нова обставина» (не раніше). Оновіть таблицю й схему на другому слайді PowerPoint.
A10: 6. Обґрунтування і здача | B10: Заповніть аркуш «Обґрунтування», перевірте аркуш «Підсумок» і здайте два файли (Excel і PowerPoint).
A12: Формула запасу | B12: Потрібно адрес = пристроїв зараз × (1 + зростання за рік) + 1 адреса під шлюз, результат округлюється вгору.
A13: Місткість підмережі | B13: У підмережі /n корисних адрес 2^(32−n) − 2 (адреса мережі й адреса розсилки не видаються пристроям).
A14: Правило адрес | B14: Усе відділення використовує блок 10.A.0.0/16 (ваше A на аркуші «Картка»). Кожна зона має адресу вигляду 10.A.<VLAN>.x: третій октет дорівнює номеру VLAN.
A15: Правило VLAN | B15: Номер від 2 до 254; не 1; між номерами сусідніх зон лишайте проміжок не менше 5, щоб додавати зони без перенумерації. Native VLAN теж окремий номер, не збігається з VLAN зон.
A16: Шлюз | B16: Шлюз беріть за правилом варіанта (перша або остання корисна адреса підмережі).

Sheet В08 Картка
A1: Картка варіанта 08
A3: Студент (прізвище) | B3: Кравченко
A4: Блок адрес відділення | B4: 10.209.0.0/16
A5: Значення A (другий октет) | B5: 209
A6: Правило шлюзу | B6: остання корисна адреса підмережі (перед адресою розсилки)
A7: Особливі пристрої (потребують вашого рішення) | B7: Мережевий сейф з електронним замком і сигналізацією (1 шт.); Ноутбуки підрядників, що налаштовують обладнання (2 шт.)
A8: Зростання за рік, % | B8: Каси 15 · Менеджери 20 · Термінали АБС 30 · Банкомати й POS 20 · Інтернет речей 50 · Гостьова Wi-Fi 25 · Керування обладнанням 20
A10: Легенда відділення
A11: 12 співробітників; два банкомати (один усередині, один на вулиці); POS-термінали; камери, електронні замки, датчики серверної; гостьова Wi-Fi; зв'язок з головним офісом через Інтернет. Усе описано в групах пристроїв на аркуші «Пристрої».

Sheet В08 Пристрої
A1: Пристрої відділення
A2: Для кожної групи оберіть зону. Нижні п'ять рядків (21–25) призначені для нової обставини.
H3: Типи пристроїв і зони
A4: № | B4: Пристрій | C4: Кількість | D4: Тип | E4: Зона (оберіть) | F4: Перевірка | H4: Тип | I4: Зона
A5: 1 | B5: Робочі місця кас | C5: 4 | D5: каса | E5: KASA | F5: =IF(C5="","",IF(D5="","вкажіть тип",IF(E5="","призначте зону",IF(D5="потребує рішення","рішення поясніть на аркуші «Обґрунтування»",IF(IFERROR(VLOOKUP(D5,$H$5:$I$11,2,FALSE),"?")=E5,"ОК","тип пристрою не відповідає зоні"))))) | H5: каса | I5: KASA
A6: 2 | B6: Принтери й сканери кас | C6: 2 | D6: каса | E6: KASA | F6: =IF(C6="","",IF(D6="","вкажіть тип",IF(E6="","призначте зону",IF(D6="потребує рішення","рішення поясніть на аркуші «Обґрунтування»",IF(IFERROR(VLOOKUP(D6,$H$5:$I$11,2,FALSE),"?")=E6,"ОК","тип пристрою не відповідає зоні"))))) | H6: менеджер | I6: MANAGERS
A7: 3 | B7: Робочі місця менеджерів і керівника | C7: 6 | D7: менеджер | E7: MANAGERS | F7: =IF(C7="","",IF(D7="","вкажіть тип",IF(E7="","призначте зону",IF(D7="потребує рішення","рішення поясніть на аркуші «Обґрунтування»",IF(IFERROR(VLOOKUP(D7,$H$5:$I$11,2,FALSE),"?")=E7,"ОК","тип пристрою не відповідає зоні"))))) | H7: АБС | I7: ABS
A8: 4 | B8: Термінали АБС (операціоніст) | C8: 3 | D8: АБС | E8: ABS | F8: =IF(C8="","",IF(D8="","вкажіть тип",IF(E8="","призначте зону",IF(D8="потребує рішення","рішення поясніть на аркуші «Обґрунтування»",IF(IFERROR(VLOOKUP(D8,$H$5:$I$11,2,FALSE),"?")=E8,"ОК","тип пристрою не відповідає зоні"))))) | H8: платіжний пристрій | I8: ATM_POS
A9: 5 | B9: Банкомати (всередині й на вулиці) | C9: 2 | D9: платіжний пристрій | E9: ATM_POS | F9: =IF(C9="","",IF(D9="","вкажіть тип",IF(E9="","призначте зону",IF(D9="потребує рішення","рішення поясніть на аркуші «Обґрунтування»",IF(IFERROR(VLOOKUP(D9,$H$5:$I$11,2,FALSE),"?")=E9,"ОК","тип пристрою не відповідає зоні"))))) | H9: без користувача | I9: IOT
A10: 6 | B10: POS-термінали | C10: 8 | D10: платіжний пристрій | E10: ATM_POS | F10: =IF(C10="","",IF(D10="","вкажіть тип",IF(E10="","призначте зону",IF(D10="потребує рішення","рішення поясніть на аркуші «Обґрунтування»",IF(IFERROR(VLOOKUP(D10,$H$5:$I$11,2,FALSE),"?")=E10,"ОК","тип пристрою не відповідає зоні"))))) | H10: клієнтські пристрої | I10: GUEST
A11: 7 | B11: Камери відеоспостереження | C11: 12 | D11: без користувача | E11: IOT | F11: =IF(C11="","",IF(D11="","вкажіть тип",IF(E11="","призначте зону",IF(D11="потребує рішення","рішення поясніть на аркуші «Обґрунтування»",IF(IFERROR(VLOOKUP(D11,$H$5:$I$11,2,FALSE),"?")=E11,"ОК","тип пристрою не відповідає зоні"))))) | H11: мережеве обладнання | I11: MGMT
A12: 8 | B12: Контролери електронних замків | C12: 5 | D12: без користувача | E12: IOT | F12: =IF(C12="","",IF(D12="","вкажіть тип",IF(E12="","призначте зону",IF(D12="потребує рішення","рішення поясніть на аркуші «Обґрунтування»",IF(IFERROR(VLOOKUP(D12,$H$5:$I$11,2,FALSE),"?")=E12,"ОК","тип пристрою не відповідає зоні"))))) | H12: «потребує рішення»: зону обираєте самі
A13: 9 | B13: Датчики температури й диму в серверній | C13: 5 | D13: без користувача | E13: IOT | F13: =IF(C13="","",IF(D13="","вкажіть тип",IF(E13="","призначте зону",IF(D13="потребує рішення","рішення поясніть на аркуші «Обґрунтування»",IF(IFERROR(VLOOKUP(D13,$H$5:$I$11,2,FALSE),"?")=E13,"ОК","тип пристрою не відповідає зоні")))))
A14: 10 | B14: Пристрої гостей Wi-Fi (одночасно) | C14: 80 | D14: клієнтські пристрої | E14: GUEST | F14: =IF(C14="","",IF(D14="","вкажіть тип",IF(E14="","призначте зону",IF(D14="потребує рішення","рішення поясніть на аркуші «Обґрунтування»",IF(IFERROR(VLOOKUP(D14,$H$5:$I$11,2,FALSE),"?")=E14,"ОК","тип пристрою не відповідає зоні")))))
A15: 11 | B15: Комутатори | C15: 2 | D15: мережеве обладнання | E15: MGMT | F15: =IF(C15="","",IF(D15="","вкажіть тип",IF(E15="","призначте зону",IF(D15="потребує рішення","рішення поясніть на аркуші «Обґрунтування»",IF(IFERROR(VLOOKUP(D15,$H$5:$I$11,2,FALSE),"?")=E15,"ОК","тип пристрою не відповідає зоні")))))
A16: 12 | B16: Точки доступу Wi-Fi | C16: 3 | D16: мережеве обладнання | E16: MGMT | F16: =IF(C16="","",IF(D16="","вкажіть тип",IF(E16="","призначте зону",IF(D16="потребує рішення","рішення поясніть на аркуші «Обґрунтування»",IF(IFERROR(VLOOKUP(D16,$H$5:$I$11,2,FALSE),"?")=E16,"ОК","тип пристрою не відповідає зоні")))))
A17: 13 | B17: Маршрутизатор і міжмережевий екран | C17: 2 | D17: мережеве обладнання | E17: MGMT | F17: =IF(C17="","",IF(D17="","вкажіть тип",IF(E17="","призначте зону",IF(D17="потребує рішення","рішення поясніть на аркуші «Обґрунтування»",IF(IFERROR(VLOOKUP(D17,$H$5:$I$11,2,FALSE),"?")=E17,"ОК","тип пристрою не відповідає зоні")))))
A18: 14 | B18: Станція адміністратора | C18: 1 | D18: мережеве обладнання | E18: MGMT | F18: =IF(C18="","",IF(D18="","вкажіть тип",IF(E18="","призначте зону",IF(D18="потребує рішення","рішення поясніть на аркуші «Обґрунтування»",IF(IFERROR(VLOOKUP(D18,$H$5:$I$11,2,FALSE),"?")=E18,"ОК","тип пристрою не відповідає зоні")))))
A19: 15 | B19: Мережевий сейф з електронним замком і сигналізацією | C19: 1 | D19: потребує рішення | E19: IOT | F19: =IF(C19="","",IF(D19="","вкажіть тип",IF(E19="","призначте зону",IF(D19="потребує рішення","рішення поясніть на аркуші «Обґрунтування»",IF(IFERROR(VLOOKUP(D19,$H$5:$I$11,2,FALSE),"?")=E19,"ОК","тип пристрою не відповідає зоні")))))
A20: 16 | B20: Ноутбуки підрядників, що налаштовують обладнання | C20: 2 | D20: потребує рішення | E20: GUEST | F20: =IF(C20="","",IF(D20="","вкажіть тип",IF(E20="","призначте зону",IF(D20="потребує рішення","рішення поясніть на аркуші «Обґрунтування»",IF(IFERROR(VLOOKUP(D20,$H$5:$I$11,2,FALSE),"?")=E20,"ОК","тип пристрою не відповідає зоні")))))
A21: 17 | F21: =IF(C21="","",IF(D21="","вкажіть тип",IF(E21="","призначте зону",IF(D21="потребує рішення","рішення поясніть на аркуші «Обґрунтування»",IF(IFERROR(VLOOKUP(D21,$H$5:$I$11,2,FALSE),"?")=E21,"ОК","тип пристрою не відповідає зоні")))))
A22: 18 | F22: =IF(C22="","",IF(D22="","вкажіть тип",IF(E22="","призначте зону",IF(D22="потребує рішення","рішення поясніть на аркуші «Обґрунтування»",IF(IFERROR(VLOOKUP(D22,$H$5:$I$11,2,FALSE),"?")=E22,"ОК","тип пристрою не відповідає зоні")))))
A23: 19 | F23: =IF(C23="","",IF(D23="","вкажіть тип",IF(E23="","призначте зону",IF(D23="потребує рішення","рішення поясніть на аркуші «Обґрунтування»",IF(IFERROR(VLOOKUP(D23,$H$5:$I$11,2,FALSE),"?")=E23,"ОК","тип пристрою не відповідає зоні")))))
A24: 20 | F24: =IF(C24="","",IF(D24="","вкажіть тип",IF(E24="","призначте зону",IF(D24="потребує рішення","рішення поясніть на аркуші «Обґрунтування»",IF(IFERROR(VLOOKUP(D24,$H$5:$I$11,2,FALSE),"?")=E24,"ОК","тип пристрою не відповідає зоні")))))
A25: 21 | F25: =IF(C25="","",IF(D25="","вкажіть тип",IF(E25="","призначте зону",IF(D25="потребує рішення","рішення поясніть на аркуші «Обґрунтування»",IF(IFERROR(VLOOKUP(D25,$H$5:$I$11,2,FALSE),"?")=E25,"ОК","тип пристрою не відповідає зоні")))))

Sheet В08 Чернетка колеги
A1: Чернетка адресної таблиці від колеги
A2: У ній три помилки. Знайдіть їх, запишіть у журнал і не переносьте у свій проєкт. Кількість адрес колега порахував правильно.
A4: № | B4: Зона | C4: Потрібно адрес | D4: VLAN | E4: Мережа | F4: Префікс | G4: Шлюз
A5: 1 | B5: Каси | C5: 8 | D5: 130 | E5: 10.209.130.0 | F5: /28 | G5: 10.209.130.14
A6: 2 | B6: Менеджери | C6: 9 | D6: 140 | E6: 10.209.140.0 | F6: /28 | G6: 10.209.140.14
A7: 3 | B7: Термінали АБС | C7: 5 | D7: 1 | E7: 10.209.1.0 | F7: /29 | G7: 10.209.1.6
A8: 4 | B8: Банкомати й POS | C8: 13 | D8: 160 | E8: 10.209.160.0 | F8: /28 | G8: 10.209.160.14
A9: 5 | B9: Інтернет речей | C9: 36 | D9: 170 | E9: 10.209.170.32 | F9: /26 | G9: 10.209.170.33
A10: 6 | B10: Гостьова Wi-Fi | C10: 104 | D10: 180 | E10: 10.209.180.0 | F10: /25 | G10: 10.209.180.126
A11: 7 | B11: Керування обладнанням | C11: 11 | D11: 190 | E11: 10.209.140.0 | F11: /28 | G11: 10.209.140.14
A13: Журнал виправлень
A14: Рядок | B14: Тип помилки | C14: Що не так і як виправити
A15: 3 | B15: VLAN 1 | C15: Термінали АБС у VLAN 1 — це VLAN за замовчуванням, правила забороняють його використовувати. Треба окремий номер із проміжком (у мене 30) і мережа 10.209.30.0/29, шлюз .6.
A16: 5 | B16: Адреса мережі не на межі / шлюз не за правилом | C16: /26 має починатися з адреси, кратної 64: .32 — не межа. Правильно 10.209.170.0/26; шлюз — остання корисна адреса .62, а не перша .33.
A17: 7 | B17: Мережа не відповідає VLAN | C17: Для VLAN 190 мережа має бути 10.209.190.0/28, а колега скопіював 10.209.140.0 з рядка «Менеджери» — дві зони з однією підмережею. Шлюз тоді 10.209.190.14.

Sheet В08 Зони й адреси
A1: Зони, VLAN і адресна таблиця
A2: Рядки NEW1 і NEW2 потрібні лише для нової обставини. Колонка «Перевірка» підказує, що виправити.
A4: Код зони | B4: Назва зони | C4: Пристроїв зараз | D4: Зростання за рік, % | E4: Потрібно адрес (ваш розрахунок) | F4: VLAN | G4: Назва VLAN | H4: Мережа | I4: Префікс (число) | J4: Шлюз | K4: Корисних адрес | L4: Перевірка
A5: KASA | B5: Каси | C5: =SUMIF('В08 Пристрої'!$E$5:$E$25,A5,'В08 Пристрої'!$C$5:$C$25) | D5: 15 | E5: 8 | F5: 10 | G5: V10_KASY | H5: 10.209.10.0 | I5: 28 | J5: 10.209.10.14 | K5: =IF(OR(I5="",NOT(ISNUMBER(I5))),"",2^(32-I5)-2) | L5: =IF(C5=0,"",IF(E5<>N5,"перерахуйте потрібну кількість адрес",IF(NOT(AND(ISNUMBER(F5),F5>=2,F5<=254,F5=INT(F5))),"VLAN — ціле число від 2 до 254",IF(COUNTIF($F$5:$F$13,F5)>1,"VLAN повторюється",IF(SUMPRODUCT(($F$5:$F$13<>"")*(ABS($F$5:$F$13-F5)<5))>1,"між VLAN сусідніх зон проміжок менше 5",IF(AND($C$17<>"",$C$18<>"",F5>=$C$17,F5<=$C$18),"VLAN у зарезервованому діапазоні",IF(NOT(AND(ISNUMBER(I5),I5>=24,I5<=30)),"префікс — число від 24 до 30",IF(I5>O5,"підмережа замала для потрібної кількості адрес",IF(OR(P5<>10,Q5<>'В08 Картка'!$B$5,R5<>F5),"мережа має бути 10.A.<VLAN>.x",IF(MOD(S5,2^(32-I5))<>0,"адреса мережі не на межі підмережі",IF(OR(U5<>1,T5<>IF(ISNUMBER(SEARCH("остання",'В08 Картка'!$B$6)),S5+2^(32-I5)-2,S5+1)),"шлюз не за правилом варіанта","ОК"))))))))))) | N5: =IF(C5=0,0,ROUNDUP(ROUND(C5*(1+D5/100),6),0)+1) | O5: =IF(N5=0,"",32-MAX(2,ROUNDUP(LOG(N5+2,2)-0.000001,0))) | P5: =IFERROR(VALUE(LEFT(H5,FIND(".",H5)-1)),-1) | Q5: =IFERROR(VALUE(MID(H5,FIND(".",H5)+1,FIND("#",SUBSTITUTE(H5,".","#",2))-FIND(".",H5)-1)),-1) | R5: =IFERROR(VALUE(MID(H5,FIND("#",SUBSTITUTE(H5,".","#",2))+1,FIND("#",SUBSTITUTE(H5,".","#",3))-FIND("#",SUBSTITUTE(H5,".","#",2))-1)),-1) | S5: =IFERROR(VALUE(MID(H5,FIND("#",SUBSTITUTE(H5,".","#",3))+1,3)),-1) | T5: =IFERROR(VALUE(MID(J5,FIND("#",SUBSTITUTE(J5,".","#",3))+1,3)),-1) | U5: =IF(IFERROR(LEFT(H5,FIND("#",SUBSTITUTE(H5,".","#",3))),"")=IFERROR(LEFT(J5,FIND("#",SUBSTITUTE(J5,".","#",3))),""),1,0)
A6: MANAGERS | B6: Менеджери | C6: =SUMIF('В08 Пристрої'!$E$5:$E$25,A6,'В08 Пристрої'!$C$5:$C$25) | D6: 20 | E6: 9 | F6: 20 | G6: V20_MENEDZHERY | H6: 10.209.20.0 | I6: 28 | J6: 10.209.20.14 | K6: =IF(OR(I6="",NOT(ISNUMBER(I6))),"",2^(32-I6)-2) | L6: =IF(C6=0,"",IF(E6<>N6,"перерахуйте потрібну кількість адрес",IF(NOT(AND(ISNUMBER(F6),F6>=2,F6<=254,F6=INT(F6))),"VLAN — ціле число від 2 до 254",IF(COUNTIF($F$5:$F$13,F6)>1,"VLAN повторюється",IF(SUMPRODUCT(($F$5:$F$13<>"")*(ABS($F$5:$F$13-F6)<5))>1,"між VLAN сусідніх зон проміжок менше 5",IF(AND($C$17<>"",$C$18<>"",F6>=$C$17,F6<=$C$18),"VLAN у зарезервованому діапазоні",IF(NOT(AND(ISNUMBER(I6),I6>=24,I6<=30)),"префікс — число від 24 до 30",IF(I6>O6,"підмережа замала для потрібної кількості адрес",IF(OR(P6<>10,Q6<>'В08 Картка'!$B$5,R6<>F6),"мережа має бути 10.A.<VLAN>.x",IF(MOD(S6,2^(32-I6))<>0,"адреса мережі не на межі підмережі",IF(OR(U6<>1,T6<>IF(ISNUMBER(SEARCH("остання",'В08 Картка'!$B$6)),S6+2^(32-I6)-2,S6+1)),"шлюз не за правилом варіанта","ОК"))))))))))) | N6: =IF(C6=0,0,ROUNDUP(ROUND(C6*(1+D6/100),6),0)+1) | O6: =IF(N6=0,"",32-MAX(2,ROUNDUP(LOG(N6+2,2)-0.000001,0))) | P6: =IFERROR(VALUE(LEFT(H6,FIND(".",H6)-1)),-1) | Q6: =IFERROR(VALUE(MID(H6,FIND(".",H6)+1,FIND("#",SUBSTITUTE(H6,".","#",2))-FIND(".",H6)-1)),-1) | R6: =IFERROR(VALUE(MID(H6,FIND("#",SUBSTITUTE(H6,".","#",2))+1,FIND("#",SUBSTITUTE(H6,".","#",3))-FIND("#",SUBSTITUTE(H6,".","#",2))-1)),-1) | S6: =IFERROR(VALUE(MID(H6,FIND("#",SUBSTITUTE(H6,".","#",3))+1,3)),-1) | T6: =IFERROR(VALUE(MID(J6,FIND("#",SUBSTITUTE(J6,".","#",3))+1,3)),-1) | U6: =IF(IFERROR(LEFT(H6,FIND("#",SUBSTITUTE(H6,".","#",3))),"")=IFERROR(LEFT(J6,FIND("#",SUBSTITUTE(J6,".","#",3))),""),1,0)
A7: ABS | B7: Термінали АБС | C7: =SUMIF('В08 Пристрої'!$E$5:$E$25,A7,'В08 Пристрої'!$C$5:$C$25) | D7: 30 | E7: 5 | F7: 30 | G7: V30_ABS | H7: 10.209.30.0 | I7: 29 | J7: 10.209.30.6 | K7: =IF(OR(I7="",NOT(ISNUMBER(I7))),"",2^(32-I7)-2) | L7: =IF(C7=0,"",IF(E7<>N7,"перерахуйте потрібну кількість адрес",IF(NOT(AND(ISNUMBER(F7),F7>=2,F7<=254,F7=INT(F7))),"VLAN — ціле число від 2 до 254",IF(COUNTIF($F$5:$F$13,F7)>1,"VLAN повторюється",IF(SUMPRODUCT(($F$5:$F$13<>"")*(ABS($F$5:$F$13-F7)<5))>1,"між VLAN сусідніх зон проміжок менше 5",IF(AND($C$17<>"",$C$18<>"",F7>=$C$17,F7<=$C$18),"VLAN у зарезервованому діапазоні",IF(NOT(AND(ISNUMBER(I7),I7>=24,I7<=30)),"префікс — число від 24 до 30",IF(I7>O7,"підмережа замала для потрібної кількості адрес",IF(OR(P7<>10,Q7<>'В08 Картка'!$B$5,R7<>F7),"мережа має бути 10.A.<VLAN>.x",IF(MOD(S7,2^(32-I7))<>0,"адреса мережі не на межі підмережі",IF(OR(U7<>1,T7<>IF(ISNUMBER(SEARCH("остання",'В08 Картка'!$B$6)),S7+2^(32-I7)-2,S7+1)),"шлюз не за правилом варіанта","ОК"))))))))))) | N7: =IF(C7=0,0,ROUNDUP(ROUND(C7*(1+D7/100),6),0)+1) | O7: =IF(N7=0,"",32-MAX(2,ROUNDUP(LOG(N7+2,2)-0.000001,0))) | P7: =IFERROR(VALUE(LEFT(H7,FIND(".",H7)-1)),-1) | Q7: =IFERROR(VALUE(MID(H7,FIND(".",H7)+1,FIND("#",SUBSTITUTE(H7,".","#",2))-FIND(".",H7)-1)),-1) | R7: =IFERROR(VALUE(MID(H7,FIND("#",SUBSTITUTE(H7,".","#",2))+1,FIND("#",SUBSTITUTE(H7,".","#",3))-FIND("#",SUBSTITUTE(H7,".","#",2))-1)),-1) | S7: =IFERROR(VALUE(MID(H7,FIND("#",SUBSTITUTE(H7,".","#",3))+1,3)),-1) | T7: =IFERROR(VALUE(MID(J7,FIND("#",SUBSTITUTE(J7,".","#",3))+1,3)),-1) | U7: =IF(IFERROR(LEFT(H7,FIND("#",SUBSTITUTE(H7,".","#",3))),"")=IFERROR(LEFT(J7,FIND("#",SUBSTITUTE(J7,".","#",3))),""),1,0)
A8: ATM_POS | B8: Банкомати й POS | C8: =SUMIF('В08 Пристрої'!$E$5:$E$25,A8,'В08 Пристрої'!$C$5:$C$25) | D8: 20 | E8: 13 | F8: 40 | G8: V40_ATM_POS | H8: 10.209.40.0 | I8: 28 | J8: 10.209.40.14 | K8: =IF(OR(I8="",NOT(ISNUMBER(I8))),"",2^(32-I8)-2) | L8: =IF(C8=0,"",IF(E8<>N8,"перерахуйте потрібну кількість адрес",IF(NOT(AND(ISNUMBER(F8),F8>=2,F8<=254,F8=INT(F8))),"VLAN — ціле число від 2 до 254",IF(COUNTIF($F$5:$F$13,F8)>1,"VLAN повторюється",IF(SUMPRODUCT(($F$5:$F$13<>"")*(ABS($F$5:$F$13-F8)<5))>1,"між VLAN сусідніх зон проміжок менше 5",IF(AND($C$17<>"",$C$18<>"",F8>=$C$17,F8<=$C$18),"VLAN у зарезервованому діапазоні",IF(NOT(AND(ISNUMBER(I8),I8>=24,I8<=30)),"префікс — число від 24 до 30",IF(I8>O8,"підмережа замала для потрібної кількості адрес",IF(OR(P8<>10,Q8<>'В08 Картка'!$B$5,R8<>F8),"мережа має бути 10.A.<VLAN>.x",IF(MOD(S8,2^(32-I8))<>0,"адреса мережі не на межі підмережі",IF(OR(U8<>1,T8<>IF(ISNUMBER(SEARCH("остання",'В08 Картка'!$B$6)),S8+2^(32-I8)-2,S8+1)),"шлюз не за правилом варіанта","ОК"))))))))))) | N8: =IF(C8=0,0,ROUNDUP(ROUND(C8*(1+D8/100),6),0)+1) | O8: =IF(N8=0,"",32-MAX(2,ROUNDUP(LOG(N8+2,2)-0.000001,0))) | P8: =IFERROR(VALUE(LEFT(H8,FIND(".",H8)-1)),-1) | Q8: =IFERROR(VALUE(MID(H8,FIND(".",H8)+1,FIND("#",SUBSTITUTE(H8,".","#",2))-FIND(".",H8)-1)),-1) | R8: =IFERROR(VALUE(MID(H8,FIND("#",SUBSTITUTE(H8,".","#",2))+1,FIND("#",SUBSTITUTE(H8,".","#",3))-FIND("#",SUBSTITUTE(H8,".","#",2))-1)),-1) | S8: =IFERROR(VALUE(MID(H8,FIND("#",SUBSTITUTE(H8,".","#",3))+1,3)),-1) | T8: =IFERROR(VALUE(MID(J8,FIND("#",SUBSTITUTE(J8,".","#",3))+1,3)),-1) | U8: =IF(IFERROR(LEFT(H8,FIND("#",SUBSTITUTE(H8,".","#",3))),"")=IFERROR(LEFT(J8,FIND("#",SUBSTITUTE(J8,".","#",3))),""),1,0)
A9: IOT | B9: Інтернет речей | C9: =SUMIF('В08 Пристрої'!$E$5:$E$25,A9,'В08 Пристрої'!$C$5:$C$25) | D9: 50 | E9: 36 | F9: 50 | G9: V50_IOT | H9: 10.209.50.0 | I9: 26 | J9: 10.209.50.62 | K9: =IF(OR(I9="",NOT(ISNUMBER(I9))),"",2^(32-I9)-2) | L9: =IF(C9=0,"",IF(E9<>N9,"перерахуйте потрібну кількість адрес",IF(NOT(AND(ISNUMBER(F9),F9>=2,F9<=254,F9=INT(F9))),"VLAN — ціле число від 2 до 254",IF(COUNTIF($F$5:$F$13,F9)>1,"VLAN повторюється",IF(SUMPRODUCT(($F$5:$F$13<>"")*(ABS($F$5:$F$13-F9)<5))>1,"між VLAN сусідніх зон проміжок менше 5",IF(AND($C$17<>"",$C$18<>"",F9>=$C$17,F9<=$C$18),"VLAN у зарезервованому діапазоні",IF(NOT(AND(ISNUMBER(I9),I9>=24,I9<=30)),"префікс — число від 24 до 30",IF(I9>O9,"підмережа замала для потрібної кількості адрес",IF(OR(P9<>10,Q9<>'В08 Картка'!$B$5,R9<>F9),"мережа має бути 10.A.<VLAN>.x",IF(MOD(S9,2^(32-I9))<>0,"адреса мережі не на межі підмережі",IF(OR(U9<>1,T9<>IF(ISNUMBER(SEARCH("остання",'В08 Картка'!$B$6)),S9+2^(32-I9)-2,S9+1)),"шлюз не за правилом варіанта","ОК"))))))))))) | N9: =IF(C9=0,0,ROUNDUP(ROUND(C9*(1+D9/100),6),0)+1) | O9: =IF(N9=0,"",32-MAX(2,ROUNDUP(LOG(N9+2,2)-0.000001,0))) | P9: =IFERROR(VALUE(LEFT(H9,FIND(".",H9)-1)),-1) | Q9: =IFERROR(VALUE(MID(H9,FIND(".",H9)+1,FIND("#",SUBSTITUTE(H9,".","#",2))-FIND(".",H9)-1)),-1) | R9: =IFERROR(VALUE(MID(H9,FIND("#",SUBSTITUTE(H9,".","#",2))+1,FIND("#",SUBSTITUTE(H9,".","#",3))-FIND("#",SUBSTITUTE(H9,".","#",2))-1)),-1) | S9: =IFERROR(VALUE(MID(H9,FIND("#",SUBSTITUTE(H9,".","#",3))+1,3)),-1) | T9: =IFERROR(VALUE(MID(J9,FIND("#",SUBSTITUTE(J9,".","#",3))+1,3)),-1) | U9: =IF(IFERROR(LEFT(H9,FIND("#",SUBSTITUTE(H9,".","#",3))),"")=IFERROR(LEFT(J9,FIND("#",SUBSTITUTE(J9,".","#",3))),""),1,0)
A10: GUEST | B10: Гостьова Wi-Fi | C10: =SUMIF('В08 Пристрої'!$E$5:$E$25,A10,'В08 Пристрої'!$C$5:$C$25) | D10: 25 | E10: 104 | F10: 90 | G10: V90_GUEST | H10: 10.209.90.0 | I10: 25 | J10: 10.209.90.126 | K10: =IF(OR(I10="",NOT(ISNUMBER(I10))),"",2^(32-I10)-2) | L10: =IF(C10=0,"",IF(E10<>N10,"перерахуйте потрібну кількість адрес",IF(NOT(AND(ISNUMBER(F10),F10>=2,F10<=254,F10=INT(F10))),"VLAN — ціле число від 2 до 254",IF(COUNTIF($F$5:$F$13,F10)>1,"VLAN повторюється",IF(SUMPRODUCT(($F$5:$F$13<>"")*(ABS($F$5:$F$13-F10)<5))>1,"між VLAN сусідніх зон проміжок менше 5",IF(AND($C$17<>"",$C$18<>"",F10>=$C$17,F10<=$C$18),"VLAN у зарезервованому діапазоні",IF(NOT(AND(ISNUMBER(I10),I10>=24,I10<=30)),"префікс — число від 24 до 30",IF(I10>O10,"підмережа замала для потрібної кількості адрес",IF(OR(P10<>10,Q10<>'В08 Картка'!$B$5,R10<>F10),"мережа має бути 10.A.<VLAN>.x",IF(MOD(S10,2^(32-I10))<>0,"адреса мережі не на межі підмережі",IF(OR(U10<>1,T10<>IF(ISNUMBER(SEARCH("остання",'В08 Картка'!$B$6)),S10+2^(32-I10)-2,S10+1)),"шлюз не за правилом варіанта","ОК"))))))))))) | N10: =IF(C10=0,0,ROUNDUP(ROUND(C10*(1+D10/100),6),0)+1) | O10: =IF(N10=0,"",32-MAX(2,ROUNDUP(LOG(N10+2,2)-0.000001,0))) | P10: =IFERROR(VALUE(LEFT(H10,FIND(".",H10)-1)),-1) | Q10: =IFERROR(VALUE(MID(H10,FIND(".",H10)+1,FIND("#",SUBSTITUTE(H10,".","#",2))-FIND(".",H10)-1)),-1) | R10: =IFERROR(VALUE(MID(H10,FIND("#",SUBSTITUTE(H10,".","#",2))+1,FIND("#",SUBSTITUTE(H10,".","#",3))-FIND("#",SUBSTITUTE(H10,".","#",2))-1)),-1) | S10: =IFERROR(VALUE(MID(H10,FIND("#",SUBSTITUTE(H10,".","#",3))+1,3)),-1) | T10: =IFERROR(VALUE(MID(J10,FIND("#",SUBSTITUTE(J10,".","#",3))+1,3)),-1) | U10: =IF(IFERROR(LEFT(H10,FIND("#",SUBSTITUTE(H10,".","#",3))),"")=IFERROR(LEFT(J10,FIND("#",SUBSTITUTE(J10,".","#",3))),""),1,0)
A11: MGMT | B11: Керування обладнанням | C11: =SUMIF('В08 Пристрої'!$E$5:$E$25,A11,'В08 Пристрої'!$C$5:$C$25) | D11: 20 | E11: 11 | F11: 100 | G11: V100_MGMT | H11: 10.209.100.0 | I11: 28 | J11: 10.209.100.14 | K11: =IF(OR(I11="",NOT(ISNUMBER(I11))),"",2^(32-I11)-2) | L11: =IF(C11=0,"",IF(E11<>N11,"перерахуйте потрібну кількість адрес",IF(NOT(AND(ISNUMBER(F11),F11>=2,F11<=254,F11=INT(F11))),"VLAN — ціле число від 2 до 254",IF(COUNTIF($F$5:$F$13,F11)>1,"VLAN повторюється",IF(SUMPRODUCT(($F$5:$F$13<>"")*(ABS($F$5:$F$13-F11)<5))>1,"між VLAN сусідніх зон проміжок менше 5",IF(AND($C$17<>"",$C$18<>"",F11>=$C$17,F11<=$C$18),"VLAN у зарезервованому діапазоні",IF(NOT(AND(ISNUMBER(I11),I11>=24,I11<=30)),"префікс — число від 24 до 30",IF(I11>O11,"підмережа замала для потрібної кількості адрес",IF(OR(P11<>10,Q11<>'В08 Картка'!$B$5,R11<>F11),"мережа має бути 10.A.<VLAN>.x",IF(MOD(S11,2^(32-I11))<>0,"адреса мережі не на межі підмережі",IF(OR(U11<>1,T11<>IF(ISNUMBER(SEARCH("остання",'В08 Картка'!$B$6)),S11+2^(32-I11)-2,S11+1)),"шлюз не за правилом варіанта","ОК"))))))))))) | N11: =IF(C11=0,0,ROUNDUP(ROUND(C11*(1+D11/100),6),0)+1) | O11: =IF(N11=0,"",32-MAX(2,ROUNDUP(LOG(N11+2,2)-0.000001,0))) | P11: =IFERROR(VALUE(LEFT(H11,FIND(".",H11)-1)),-1) | Q11: =IFERROR(VALUE(MID(H11,FIND(".",H11)+1,FIND("#",SUBSTITUTE(H11,".","#",2))-FIND(".",H11)-1)),-1) | R11: =IFERROR(VALUE(MID(H11,FIND("#",SUBSTITUTE(H11,".","#",2))+1,FIND("#",SUBSTITUTE(H11,".","#",3))-FIND("#",SUBSTITUTE(H11,".","#",2))-1)),-1) | S11: =IFERROR(VALUE(MID(H11,FIND("#",SUBSTITUTE(H11,".","#",3))+1,3)),-1) | T11: =IFERROR(VALUE(MID(J11,FIND("#",SUBSTITUTE(J11,".","#",3))+1,3)),-1) | U11: =IF(IFERROR(LEFT(H11,FIND("#",SUBSTITUTE(H11,".","#",3))),"")=IFERROR(LEFT(J11,FIND("#",SUBSTITUTE(J11,".","#",3))),""),1,0)
A12: NEW1 | C12: =SUMIF('В08 Пристрої'!$E$5:$E$25,A12,'В08 Пристрої'!$C$5:$C$25) | K12: =IF(OR(I12="",NOT(ISNUMBER(I12))),"",2^(32-I12)-2) | L12: =IF(C12=0,"",IF(E12<>N12,"перерахуйте потрібну кількість адрес",IF(NOT(AND(ISNUMBER(F12),F12>=2,F12<=254,F12=INT(F12))),"VLAN — ціле число від 2 до 254",IF(COUNTIF($F$5:$F$13,F12)>1,"VLAN повторюється",IF(SUMPRODUCT(($F$5:$F$13<>"")*(ABS($F$5:$F$13-F12)<5))>1,"між VLAN сусідніх зон проміжок менше 5",IF(AND($C$17<>"",$C$18<>"",F12>=$C$17,F12<=$C$18),"VLAN у зарезервованому діапазоні",IF(NOT(AND(ISNUMBER(I12),I12>=24,I12<=30)),"префікс — число від 24 до 30",IF(I12>O12,"підмережа замала для потрібної кількості адрес",IF(OR(P12<>10,Q12<>'В08 Картка'!$B$5,R12<>F12),"мережа має бути 10.A.<VLAN>.x",IF(MOD(S12,2^(32-I12))<>0,"адреса мережі не на межі підмережі",IF(OR(U12<>1,T12<>IF(ISNUMBER(SEARCH("остання",'В08 Картка'!$B$6)),S12+2^(32-I12)-2,S12+1)),"шлюз не за правилом варіанта","ОК"))))))))))) | N12: =IF(C12=0,0,ROUNDUP(ROUND(C12*(1+D12/100),6),0)+1) | O12: =IF(N12=0,"",32-MAX(2,ROUNDUP(LOG(N12+2,2)-0.000001,0))) | P12: =IFERROR(VALUE(LEFT(H12,FIND(".",H12)-1)),-1) | Q12: =IFERROR(VALUE(MID(H12,FIND(".",H12)+1,FIND("#",SUBSTITUTE(H12,".","#",2))-FIND(".",H12)-1)),-1) | R12: =IFERROR(VALUE(MID(H12,FIND("#",SUBSTITUTE(H12,".","#",2))+1,FIND("#",SUBSTITUTE(H12,".","#",3))-FIND("#",SUBSTITUTE(H12,".","#",2))-1)),-1) | S12: =IFERROR(VALUE(MID(H12,FIND("#",SUBSTITUTE(H12,".","#",3))+1,3)),-1) | T12: =IFERROR(VALUE(MID(J12,FIND("#",SUBSTITUTE(J12,".","#",3))+1,3)),-1) | U12: =IF(IFERROR(LEFT(H12,FIND("#",SUBSTITUTE(H12,".","#",3))),"")=IFERROR(LEFT(J12,FIND("#",SUBSTITUTE(J12,".","#",3))),""),1,0)
A13: NEW2 | C13: =SUMIF('В08 Пристрої'!$E$5:$E$25,A13,'В08 Пристрої'!$C$5:$C$25) | K13: =IF(OR(I13="",NOT(ISNUMBER(I13))),"",2^(32-I13)-2) | L13: =IF(C13=0,"",IF(E13<>N13,"перерахуйте потрібну кількість адрес",IF(NOT(AND(ISNUMBER(F13),F13>=2,F13<=254,F13=INT(F13))),"VLAN — ціле число від 2 до 254",IF(COUNTIF($F$5:$F$13,F13)>1,"VLAN повторюється",IF(SUMPRODUCT(($F$5:$F$13<>"")*(ABS($F$5:$F$13-F13)<5))>1,"між VLAN сусідніх зон проміжок менше 5",IF(AND($C$17<>"",$C$18<>"",F13>=$C$17,F13<=$C$18),"VLAN у зарезервованому діапазоні",IF(NOT(AND(ISNUMBER(I13),I13>=24,I13<=30)),"префікс — число від 24 до 30",IF(I13>O13,"підмережа замала для потрібної кількості адрес",IF(OR(P13<>10,Q13<>'В08 Картка'!$B$5,R13<>F13),"мережа має бути 10.A.<VLAN>.x",IF(MOD(S13,2^(32-I13))<>0,"адреса мережі не на межі підмережі",IF(OR(U13<>1,T13<>IF(ISNUMBER(SEARCH("остання",'В08 Картка'!$B$6)),S13+2^(32-I13)-2,S13+1)),"шлюз не за правилом варіанта","ОК"))))))))))) | N13: =IF(C13=0,0,ROUNDUP(ROUND(C13*(1+D13/100),6),0)+1) | O13: =IF(N13=0,"",32-MAX(2,ROUNDUP(LOG(N13+2,2)-0.000001,0))) | P13: =IFERROR(VALUE(LEFT(H13,FIND(".",H13)-1)),-1) | Q13: =IFERROR(VALUE(MID(H13,FIND(".",H13)+1,FIND("#",SUBSTITUTE(H13,".","#",2))-FIND(".",H13)-1)),-1) | R13: =IFERROR(VALUE(MID(H13,FIND("#",SUBSTITUTE(H13,".","#",2))+1,FIND("#",SUBSTITUTE(H13,".","#",3))-FIND("#",SUBSTITUTE(H13,".","#",2))-1)),-1) | S13: =IFERROR(VALUE(MID(H13,FIND("#",SUBSTITUTE(H13,".","#",3))+1,3)),-1) | T13: =IFERROR(VALUE(MID(J13,FIND("#",SUBSTITUTE(J13,".","#",3))+1,3)),-1) | U13: =IF(IFERROR(LEFT(H13,FIND("#",SUBSTITUTE(H13,".","#",3))),"")=IFERROR(LEFT(J13,FIND("#",SUBSTITUTE(J13,".","#",3))),""),1,0)
B16: Обмеження головного офісу (заповніть лише якщо воно є в «Новій обставині»)
B17: Зарезервовані VLAN: від
B18: Зарезервовані VLAN: до
B20: Native VLAN (власний номер) | C20: 250 | L20: =IF(C20="","заповніть native VLAN",IF(NOT(AND(ISNUMBER(C20),C20>=2,C20<=254,C20=INT(C20))),"ціле число від 2 до 254",IF(COUNTIF($F$5:$F$13,C20)>0,"native VLAN не має збігатися з VLAN зони",IF(AND(C17<>"",C18<>"",C20>=C17,C20<=C18),"native VLAN у зарезервованому діапазоні","ОК"))))

Sheet В08 Підсумок
A1: Підсумок і самоперевірка
A2: Усе має бути нульовим перед здачею. Файл показує кількість, а не місце помилки: шукайте самі.
A4: Усього пристроїв | B4: =SUM('В08 Пристрої'!C5:C25)
A5: Груп пристроїв без зони | B5: =COUNTIFS('В08 Пристрої'!C5:C25,">0",'В08 Пристрої'!E5:E25,"")
A6: Груп, де тип пристрою не відповідає зоні | B6: =COUNTIF('В08 Пристрої'!F5:F25,"тип*")
A7: Зон із помилкою в адресній таблиці | B7: =COUNTIFS('В08 Зони й адреси'!L5:L13,"<>ОК",'В08 Зони й адреси'!C5:C13,">0")
A8: Помилка native VLAN (1 — є) | B8: =IF('В08 Зони й адреси'!L20="ОК",0,1)
A9: Особливих пристроїв без пояснення вибору | B9: =MAX(0,COUNTIF('В08 Пристрої'!D5:D25,"потребує рішення")-COUNTA('В08 Обґрунтування'!C5:C12))
A10: Знайдено помилок у чернетці колеги (з 3) | B10: =COUNTA('В08 Чернетка колеги'!A15:A17)
A11: Висновок | B11: =IF(AND(B5=0,B6=0,B7=0,B8=0,B9=0,B10>=3),"Можна здавати","Є що виправити")

Sheet В08 Обґрунтування
A1: Обґрунтування
A2: Своїми словами. Для особливих пристроїв: яку зону обрали і що було б, якби пристрій поклали в іншу.
A4: Пристрій, що потребував рішення | B4: Зона | C4: Чому саме так (2–3 речення)
A5: Мережевий сейф з електронним замком і сигналізацією | B5: IOT | C5: Сейф — пристрій без користувача, як замки й датчики, тож кладу його в IoT. У зоні касирів він був би доступний з будь-якого ПК каси, а в гостьовій — узагалі з Інтернету; в IoT доступ до нього дає лише ACL із MGMT.
A6: Ноутбуки підрядників, що налаштовують обладнання | B6: GUEST | C6: Ноутбуки підрядників — чужі пристрої, яким банк не довіряє, тому вони в гостьовій зоні. Якби поклали в MGMT, чужий ноутбук мав би прямий доступ до всіх комутаторів; налаштування — лише через станцію адміністратора під наглядом.
A15: Як ви нумерували VLAN і чому схема лишиться зрозумілою через рік?
A16: VLAN кратні 10: 10–40 — робочі зони з грошима й даними, 50 — пристрої без користувача, 90 — гості (в кінці, найменш довірена), 100 — керування. Третій октет = VLAN, тож з адреси одразу видно зону; між номерами 10 вільних — нову зону (напр., 60) можна додати без перенумерації. Native VLAN 250 не використовує жодна зона.
A18: Нова обставина: що змінилось (було → стало) і чому решту зон ви не чіпали?
A19: КРОК 4 НЕ ВИКОНАНО: файл «ПР_3_Нова_обставина_Варіант_08» видає викладач після кроків 1–3; рядки NEW1/NEW2, обмеження ГО і слайд 2 заповнюються після його отримання.
A21: Що ви знайшли під час самоперевірки й виправили до здачі?
A22: Порівняв свій розрахунок адрес із чернеткою колеги — кількості збіглися (IoT 36, гості 104), отже особливі пристрої розкладено так само. Перевірив вирівнювання кожної мережі за префіксом і шлюз .14/.6/.62/.126 (остання корисна).
